FirstTeam,SecondTeam,Date,W/L,HomeCourt
PHX,SAS,05/16/2021,W,0
WAS,CHA,05/16/2021,W,1
NYK,BOS,05/16/2021,W,1
DET,MIA,05/16/2021,L,1
MIA,DET,05/16/2021,W,0
CHI,MIL,05/16/2021,W,1
MIL,CHI,05/16/2021,L,0
DEN,POR,05/16/2021,L,0
TOR,IND,05/16/2021,L,1
IND,TOR,05/16/2021,W,0
SAC,UTA,05/16/2021,L,1
UTA,SAC,05/16/2021,W,0
ORL,PHI,05/16/2021,L,0
PHI,ORL,05/16/2021,W,1
POR,DEN,05/16/2021,W,1
LAC,OKC,05/16/2021,L,0
ATL,HOU,05/16/2021,W,1
BOS,NYK,05/16/2021,L,0
OKC,LAC,05/16/2021,W,1
CHA,WAS,05/16/2021,L,0
LAL,NOP,05/16/2021,W,0
NOP,LAL,05/16/2021,L,1
HOU,ATL,05/16/2021,L,0
CLE,BKN,05/16/2021,L,0
MEM,GSW,05/16/2021,L,0
BKN,CLE,05/16/2021,W,1
GSW,MEM,05/16/2021,W,1
DAL,MIN,05/16/2021,L,0
MIN,DAL,05/16/2021,W,1
SAS,PHX,05/16/2021,L,1
MIA,MIL,05/15/2021,L,0
BKN,CHI,05/15/2021,W,1
CHI,BKN,05/15/2021,L,0
PHX,SAS,05/15/2021,W,0
SAS,PHX,05/15/2021,L,1
MIL,MIA,05/15/2021,W,1
NYK,CHA,05/15/2021,W,1
CHA,NYK,05/15/2021,L,0
LAL,IND,05/15/2021,W,0
IND,LAL,05/15/2021,L,1
BOS,MIN,05/15/2021,W,0
MIN,BOS,05/15/2021,L,1
GSW,NOP,05/14/2021,W,1
NOP,GSW,05/14/2021,L,0
HOU,LAC,05/14/2021,W,1
LAC,HOU,05/14/2021,L,0
WAS,CLE,05/14/2021,W,1
DAL,TOR,05/14/2021,W,1
TOR,DAL,05/14/2021,L,0
DET,DEN,05/14/2021,L,1
OKC,UTA,05/14/2021,L,1
UTA,OKC,05/14/2021,W,0
DEN,DET,05/14/2021,W,0
CLE,WAS,05/14/2021,L,0
PHI,ORL,05/14/2021,W,1
ORL,PHI,05/14/2021,L,0
SAC,MEM,05/14/2021,L,0
MEM,SAC,05/14/2021,W,1
POR,PHX,05/13/2021,L,0
ATL,ORL,05/13/2021,W,1
MIN,DEN,05/13/2021,L,1
ORL,ATL,05/13/2021,L,0
DEN,MIN,05/13/2021,W,0
NYK,SAS,05/13/2021,W,1
MIA,PHI,05/13/2021,W,1
CHA,LAC,05/13/2021,L,1
LAC,CHA,05/13/2021,W,0
SAC,MEM,05/13/2021,L,0
PHX,POR,05/13/2021,W,1
PHI,MIA,05/13/2021,L,0
SAS,NYK,05/13/2021,L,0
CHI,TOR,05/13/2021,W,1
TOR,CHI,05/13/2021,L,0
MIL,IND,05/13/2021,W,0
IND,MIL,05/13/2021,L,1
MEM,SAC,05/13/2021,W,1
DAL,NOP,05/12/2021,W,1
NOP,DAL,05/12/2021,L,0
WAS,ATL,05/12/2021,L,0
ATL,WAS,05/12/2021,W,1
BKN,SAS,05/12/2021,W,1
LAL,HOU,05/12/2021,W,1
HOU,LAL,05/12/2021,L,0
SAS,BKN,05/12/2021,L,0
CLE,BOS,05/12/2021,W,1
BOS,CLE,05/12/2021,L,0
UTA,POR,05/12/2021,L,1
POR,UTA,05/12/2021,W,0
BOS,MIA,05/11/2021,L,1
BKN,CHI,05/11/2021,W,0
LAC,TOR,05/11/2021,W,0
TOR,LAC,05/11/2021,L,1
CHA,DEN,05/11/2021,L,1
IND,PHI,05/11/2021,W,1
PHI,IND,05/11/2021,L,0
DEN,CHA,05/11/2021,W,0
OKC,SAC,05/11/2021,L,0
SAC,OKC,05/11/2021,W,1
LAL,NYK,05/11/2021,W,1
NYK,LAL,05/11/2021,L,0
MIL,ORL,05/11/2021,W,1
ORL,MIL,05/11/2021,L,0
MIN,DET,05/11/2021,W,0
DET,MIN,05/11/2021,L,1
CHI,BKN,05/11/2021,L,1
MIA,BOS,05/11/2021,W,0
MEM,DAL,05/11/2021,W,1
PHX,GSW,05/11/2021,L,0
GSW,PHX,05/11/2021,W,1
DAL,MEM,05/11/2021,L,0
SAS,MIL,05/10/2021,W,1
NOP,MEM,05/10/2021,L,0
ATL,WAS,05/10/2021,W,1
POR,HOU,05/10/2021,W,1
WAS,ATL,05/10/2021,L,0
MIL,SAS,05/10/2021,L,0
HOU,POR,05/10/2021,L,0
UTA,GSW,05/10/2021,L,0
GSW,UTA,05/10/2021,W,1
MEM,NOP,05/10/2021,W,1
CLE,IND,05/10/2021,L,1
IND,CLE,05/10/2021,W,0
MIN,ORL,05/09/2021,W,0
DAL,CLE,05/09/2021,W,0
PHX,LAL,05/09/2021,L,0
LAL,PHX,05/09/2021,W,1
CLE,DAL,05/09/2021,L,1
OKC,SAC,05/09/2021,L,0
SAC,OKC,05/09/2021,W,1
BOS,MIA,05/09/2021,L,1
LAC,NYK,05/09/2021,L,1
MIA,BOS,05/09/2021,W,0
CHI,DET,05/09/2021,W,0
DET,CHI,05/09/2021,L,1
NOP,CHA,05/09/2021,W,0
CHA,NOP,05/09/2021,L,1
NYK,LAC,05/09/2021,W,0
ORL,MIN,05/09/2021,L,1
OKC,GSW,05/08/2021,L,0
GSW,OKC,05/08/2021,W,1
TOR,MEM,05/08/2021,L,1
UTA,HOU,05/08/2021,W,1
MEM,TOR,05/08/2021,W,0
HOU,UTA,05/08/2021,L,0
DEN,BKN,05/08/2021,L,1
POR,SAS,05/08/2021,W,1
DET,PHI,05/08/2021,L,0
WAS,IND,05/08/2021,W,0
PHI,DET,05/08/2021,W,1
SAS,POR,05/08/2021,L,0
IND,WAS,05/08/2021,L,1
BKN,DEN,05/08/2021,W,0
LAL,POR,05/07/2021,L,0
DAL,CLE,05/07/2021,W,1
SAC,SAS,05/07/2021,L,1
MIA,MIN,05/07/2021,W,1
CLE,DAL,05/07/2021,L,0
NYK,PHX,05/07/2021,L,0
BOS,CHI,05/07/2021,L,0
CHI,BOS,05/07/2021,W,1
NOP,PHI,05/07/2021,L,0
PHX,NYK,05/07/2021,W,1
MIL,HOU,05/07/2021,W,1
PHI,NOP,05/07/2021,W,1
ORL,CHA,05/07/2021,L,0
CHA,ORL,05/07/2021,W,1
SAS,SAC,05/07/2021,W,0
DEN,UTA,05/07/2021,L,0
UTA,DEN,05/07/2021,W,1
HOU,MIL,05/07/2021,L,0
MIN,MIA,05/07/2021,L,0
POR,LAL,05/07/2021,W,1
LAC,LAL,05/06/2021,W,1
LAL,LAC,05/06/2021,L,0
DAL,BKN,05/06/2021,W,1
DET,MEM,05/06/2021,W,1
OKC,GSW,05/06/2021,L,0
WAS,TOR,05/06/2021,W,0
CHI,CHA,05/06/2021,W,0
CHA,CHI,05/06/2021,L,1
TOR,WAS,05/06/2021,L,1
IND,ATL,05/06/2021,W,1
ATL,IND,05/06/2021,L,0
GSW,OKC,05/06/2021,W,1
BKN,DAL,05/06/2021,L,0
MEM,DET,05/06/2021,L,0
MIL,WAS,05/05/2021,W,1
WAS,MIL,05/05/2021,L,0
POR,CLE,05/05/2021,W,0
CLE,POR,05/05/2021,L,1
SAC,IND,05/05/2021,W,0
IND,SAC,05/05/2021,L,1
BOS,ORL,05/05/2021,W,0
ORL,BOS,05/05/2021,L,1
UTA,SAS,05/05/2021,W,1
PHX,ATL,05/05/2021,L,0
SAS,UTA,05/05/2021,L,0
PHI,HOU,05/05/2021,W,0
MIN,MEM,05/05/2021,L,1
HOU,PHI,05/05/2021,L,1
DEN,NYK,05/05/2021,W,1
ATL,PHX,05/05/2021,W,1
NYK,DEN,05/05/2021,L,0
MEM,MIN,05/05/2021,W,0
MIL,BKN,05/04/2021,W,1
BKN,MIL,05/04/2021,L,0
CHA,DET,05/04/2021,W,0
SAC,OKC,05/04/2021,W,0
DET,CHA,05/04/2021,L,1
OKC,SAC,05/04/2021,L,1
GSW,NOP,05/04/2021,L,0
NOP,GSW,05/04/2021,W,1
CLE,PHX,05/04/2021,L,1
PHX,CLE,05/04/2021,W,0
LAC,TOR,05/04/2021,W,1
TOR,LAC,05/04/2021,L,0
MIA,DAL,05/04/2021,L,1
DAL,MIA,05/04/2021,W,0
UTA,SAS,05/03/2021,W,1
SAS,UTA,05/03/2021,L,0
PHI,CHI,05/03/2021,W,0
ORL,DET,05/03/2021,W,0
IND,WAS,05/03/2021,L,0
DET,ORL,05/03/2021,L,1
GSW,NOP,05/03/2021,W,0
NOP,GSW,05/03/2021,L,1
WAS,IND,05/03/2021,W,1
LAL,DEN,05/03/2021,W,1
DEN,LAL,05/03/2021,L,0
MEM,NYK,05/03/2021,L,1
ATL,POR,05/03/2021,W,1
POR,ATL,05/03/2021,L,0
NYK,MEM,05/03/2021,W,0
CHI,PHI,05/03/2021,L,1
MIA,CHA,05/02/2021,W,0
CHA,MIA,05/02/2021,L,1
PHX,OKC,05/02/2021,W,0
HOU,NYK,05/02/2021,L,1
NYK,HOU,05/02/2021,W,0
OKC,PHX,05/02/2021,L,1
MIL,BKN,05/02/2021,W,1
POR,BOS,05/02/2021,W,0
BOS,POR,05/02/2021,L,1
BKN,MIL,05/02/2021,L,0
DAL,SAC,05/02/2021,L,1
SAC,DAL,05/02/2021,W,0
SAS,PHI,05/02/2021,L,1
PHI,SAS,05/02/2021,W,0
TOR,LAL,05/02/2021,W,0
LAL,TOR,05/02/2021,L,1
DEN,LAC,05/01/2021,W,0
DAL,WAS,05/01/2021,W,1
ATL,CHI,05/01/2021,W,1
CHI,ATL,05/01/2021,L,0
OKC,IND,05/01/2021,L,1
UTA,TOR,05/01/2021,W,1
TOR,UTA,05/01/2021,L,0
WAS,DAL,05/01/2021,L,0
MEM,ORL,05/01/2021,L,0
DET,CHA,05/01/2021,L,0
LAC,DEN,05/01/2021,L,1
ORL,MEM,05/01/2021,W,1
IND,OKC,05/01/2021,W,0
CHA,DET,05/01/2021,W,1
CLE,MIA,05/01/2021,L,1
MIA,CLE,05/01/2021,W,0
MIN,NOP,05/01/2021,L,1
GSW,HOU,05/01/2021,W,0
HOU,GSW,05/01/2021,L,1
NOP,MIN,05/01/2021,W,0
ATL,PHI,04/30/2021,L,0
PHI,ATL,04/30/2021,W,1
LAL,SAC,04/30/2021,L,1
WAS,CLE,04/30/2021,W,0
BOS,SAS,04/30/2021,W,1
CLE,WAS,04/30/2021,L,1
MEM,ORL,04/30/2021,W,1
SAS,BOS,04/30/2021,L,0
POR,BKN,04/30/2021,W,0
BKN,POR,04/30/2021,L,1
SAC,LAL,04/30/2021,W,0
ORL,MEM,04/30/2021,L,0
UTA,PHX,04/30/2021,L,0
CHI,MIL,04/30/2021,L,1
MIL,CHI,04/30/2021,W,0
PHX,UTA,04/30/2021,W,1
HOU,MIL,04/29/2021,W,1
MIN,GSW,04/29/2021,W,1
IND,BKN,04/29/2021,L,1
GSW,MIN,04/29/2021,L,0
BKN,IND,04/29/2021,W,0
TOR,DEN,04/29/2021,L,0
DET,DAL,04/29/2021,L,1
OKC,NOP,04/29/2021,L,1
NOP,OKC,04/29/2021,W,0
MIL,HOU,04/29/2021,L,0
DEN,TOR,04/29/2021,W,1
DAL,DET,04/29/2021,W,0
PHI,ATL,04/28/2021,W,1
POR,MEM,04/28/2021,W,0
ATL,PHI,04/28/2021,L,0
LAL,WAS,04/28/2021,L,0
CLE,ORL,04/28/2021,L,1
ORL,CLE,04/28/2021,W,0
CHA,BOS,04/28/2021,L,0
BOS,CHA,04/28/2021,W,1
WAS,LAL,04/28/2021,W,1
MEM,POR,04/28/2021,L,1
SAS,MIA,04/28/2021,L,0
CHI,NYK,04/28/2021,L,0
SAC,UTA,04/28/2021,L,1
UTA,SAC,04/28/2021,W,0
NYK,CHI,04/28/2021,W,1
LAC,PHX,04/28/2021,L,0
MIA,SAS,04/28/2021,W,1
PHX,LAC,04/28/2021,W,1
DEN,NOP,04/28/2021,W,1
NOP,DEN,04/28/2021,L,0
BKN,TOR,04/27/2021,W,0
GSW,DAL,04/27/2021,L,1
HOU,MIN,04/27/2021,L,1
MIN,HOU,04/27/2021,W,0
TOR,BKN,04/27/2021,L,1
DAL,GSW,04/27/2021,W,0
OKC,BOS,04/27/2021,W,0
CHA,MIL,04/27/2021,L,1
BOS,OKC,04/27/2021,L,1
IND,POR,04/27/2021,L,1
POR,IND,04/27/2021,W,0
MIL,CHA,04/27/2021,W,0
OKC,PHI,04/26/2021,L,0
LAL,ORL,04/26/2021,W,0
PHI,OKC,04/26/2021,W,1
MEM,DEN,04/26/2021,L,0
DEN,MEM,04/26/2021,W,1
CLE,TOR,04/26/2021,L,0
MIA,CHI,04/26/2021,L,1
CHI,MIA,04/26/2021,W,0
ATL,DET,04/26/2021,L,0
LAC,NOP,04/26/2021,L,0
NOP,LAC,04/26/2021,W,1
PHX,NYK,04/26/2021,W,0
TOR,CLE,04/26/2021,W,1
NYK,PHX,04/26/2021,L,1
DET,ATL,04/26/2021,W,1
SAS,WAS,04/26/2021,W,0
MIN,UTA,04/26/2021,W,1
WAS,SAS,04/26/2021,L,1
UTA,MIN,04/26/2021,L,0
SAC,DAL,04/26/2021,W,1
DAL,SAC,04/26/2021,L,0
ORL,LAL,04/26/2021,L,1
BKN,PHX,04/25/2021,W,1
PHX,BKN,04/25/2021,L,0
MEM,POR,04/25/2021,W,0
BOS,CHA,04/25/2021,L,0
GSW,SAC,04/25/2021,W,1
CHA,BOS,04/25/2021,W,1
POR,MEM,04/25/2021,L,1
ORL,IND,04/25/2021,L,1
MIL,ATL,04/25/2021,L,0
ATL,MIL,04/25/2021,W,1
WAS,CLE,04/25/2021,W,1
CLE,WAS,04/25/2021,L,0
IND,ORL,04/25/2021,W,0
SAC,GSW,04/25/2021,L,0
PHI,MIL,04/24/2021,L,0
MIL,PHI,04/24/2021,W,1
LAL,DAL,04/24/2021,L,0
UTA,MIN,04/24/2021,L,1
HOU,DEN,04/24/2021,L,0
MIN,UTA,04/24/2021,W,0
DEN,HOU,04/24/2021,W,1
DAL,LAL,04/24/2021,W,1
NYK,TOR,04/24/2021,W,1
CHI,MIA,04/24/2021,L,0
IND,DET,04/24/2021,W,1
DET,IND,04/24/2021,L,0
NOP,SAS,04/24/2021,L,1
SAS,NOP,04/24/2021,W,0
TOR,NYK,04/24/2021,L,0
MIA,CHI,04/24/2021,W,1
GSW,DEN,04/23/2021,W,1
MEM,POR,04/23/2021,W,0
OKC,WAS,04/23/2021,L,1
WAS,OKC,04/23/2021,W,0
HOU,LAC,04/23/2021,L,1
LAC,HOU,04/23/2021,W,0
POR,MEM,04/23/2021,L,1
CLE,CHA,04/23/2021,L,0
CHA,CLE,04/23/2021,W,1
DEN,GSW,04/23/2021,L,0
ATL,MIA,04/23/2021,W,1
BOS,BKN,04/23/2021,L,0
BKN,BOS,04/23/2021,W,1
MIA,ATL,04/23/2021,L,0
CHI,CHA,04/22/2021,W,1
CHA,CHI,04/22/2021,L,0
MIL,PHI,04/22/2021,W,1
DET,SAS,04/22/2021,L,0
SAS,DET,04/22/2021,W,1
PHX,BOS,04/22/2021,L,0
BOS,PHX,04/22/2021,W,1
LAL,DAL,04/22/2021,L,0
DAL,LAL,04/22/2021,W,1
NOP,ORL,04/22/2021,W,0
ORL,NOP,04/22/2021,L,1
PHI,MIL,04/22/2021,L,0
SAS,MIA,04/21/2021,L,1
PHX,PHI,04/21/2021,W,0
MIA,SAS,04/21/2021,W,0
SAC,MIN,04/21/2021,W,1
MIN,SAC,04/21/2021,L,0
ATL,NYK,04/21/2021,L,0
NYK,ATL,04/21/2021,W,1
PHI,PHX,04/21/2021,L,1
DET,DAL,04/21/2021,L,0
CLE,CHI,04/21/2021,W,1
CHI,CLE,04/21/2021,L,0
UTA,HOU,04/21/2021,W,0
DAL,DET,04/21/2021,W,1
HOU,UTA,04/21/2021,L,1
POR,DEN,04/21/2021,L,1
DEN,POR,04/21/2021,W,0
GSW,WAS,04/21/2021,L,0
IND,OKC,04/21/2021,W,1
WAS,GSW,04/21/2021,W,1
OKC,IND,04/21/2021,L,0
MEM,LAC,04/21/2021,L,0
LAC,MEM,04/21/2021,W,1
TOR,BKN,04/21/2021,W,1
BKN,TOR,04/21/2021,L,0
ATL,ORL,04/20/2021,W,1
ORL,ATL,04/20/2021,L,0
NYK,CHA,04/20/2021,W,1
CHA,NYK,04/20/2021,L,0
SAC,MIN,04/20/2021,L,1
MIN,SAC,04/20/2021,W,0
POR,LAC,04/20/2021,L,1
BKN,NOP,04/20/2021,W,0
NOP,BKN,04/20/2021,L,1
LAC,POR,04/20/2021,W,0
PHI,GSW,04/19/2021,L,1
MIL,PHX,04/19/2021,L,1
GSW,PHI,04/19/2021,W,0
PHX,MIL,04/19/2021,W,0
SAS,IND,04/19/2021,W,0
IND,SAS,04/19/2021,L,1
CLE,DET,04/19/2021,L,0
MIA,HOU,04/19/2021,W,1
HOU,MIA,04/19/2021,L,0
LAL,UTA,04/19/2021,L,1
WAS,OKC,04/19/2021,W,1
DEN,MEM,04/19/2021,W,1
OKC,WAS,04/19/2021,L,0
BOS,CHI,04/19/2021,L,1
DET,CLE,04/19/2021,W,1
CHI,BOS,04/19/2021,W,0
UTA,LAL,04/19/2021,W,0
MEM,DEN,04/19/2021,L,0
MIN,LAC,04/18/2021,L,0
OKC,TOR,04/18/2021,L,0
TOR,OKC,04/18/2021,W,1
POR,CHA,04/18/2021,L,0
CHA,POR,04/18/2021,W,1
ORL,HOU,04/18/2021,L,1
HOU,ORL,04/18/2021,W,0
NOP,NYK,04/18/2021,L,0
NYK,NOP,04/18/2021,W,1
IND,ATL,04/18/2021,L,0
DAL,SAC,04/18/2021,L,1
ATL,IND,04/18/2021,W,1
SAC,DAL,04/18/2021,W,0
BKN,MIA,04/18/2021,L,0
MIA,BKN,04/18/2021,W,1
LAC,MIN,04/18/2021,W,1
CHI,CLE,04/17/2021,W,1
BOS,GSW,04/17/2021,W,1
UTA,LAL,04/17/2021,L,0
MIL,MEM,04/17/2021,L,1
GSW,BOS,04/17/2021,L,0
MEM,MIL,04/17/2021,W,0
WAS,DET,04/17/2021,W,1
DET,WAS,04/17/2021,L,0
LAL,UTA,04/17/2021,W,1
CLE,CHI,04/17/2021,L,0
PHX,SAS,04/17/2021,L,1
SAS,PHX,04/17/2021,W,0
NYK,DAL,04/16/2021,W,0
BKN,CHA,04/16/2021,W,1
CHA,BKN,04/16/2021,L,0
UTA,IND,04/16/2021,W,1
TOR,ORL,04/16/2021,W,1
DEN,HOU,04/16/2021,W,0
SAS,POR,04/16/2021,L,1
POR,SAS,04/16/2021,W,0
CHI,MEM,04/16/2021,L,1
MEM,CHI,04/16/2021,W,0
MIN,MIA,04/16/2021,W,1
IND,UTA,04/16/2021,L,0
HOU,DEN,04/16/2021,L,1
ORL,TOR,04/16/2021,L,0
LAC,PHI,04/16/2021,L,0
PHI,LAC,04/16/2021,W,1
MIA,MIN,04/16/2021,L,0
DAL,NYK,04/16/2021,L,1
WAS,NOP,04/16/2021,W,1
NOP,WAS,04/16/2021,L,0
DET,OKC,04/16/2021,W,1
OKC,DET,04/16/2021,L,0
PHX,SAC,04/15/2021,W,1
SAC,PHX,04/15/2021,L,0
CLE,GSW,04/15/2021,L,1
MIL,ATL,04/15/2021,W,0
GSW,CLE,04/15/2021,W,0
BOS,LAL,04/15/2021,W,0
LAL,BOS,04/15/2021,L,1
ATL,MIL,04/15/2021,L,1
CLE,CHA,04/14/2021,W,0
OKC,GSW,04/14/2021,L,1
NOP,NYK,04/14/2021,L,1
NYK,NOP,04/14/2021,W,0
LAC,DET,04/14/2021,W,0
DET,LAC,04/14/2021,L,1
ORL,CHI,04/14/2021,W,0
CHI,ORL,04/14/2021,L,1
PHI,BKN,04/14/2021,W,1
GSW,OKC,04/14/2021,W,0
HOU,IND,04/14/2021,L,1
MIA,DEN,04/14/2021,L,0
DEN,MIA,04/14/2021,W,1
SAC,WAS,04/14/2021,L,1
WAS,SAC,04/14/2021,W,0
MIL,MIN,04/14/2021,W,0
MIN,MIL,04/14/2021,L,1
MEM,DAL,04/14/2021,L,1
TOR,SAS,04/14/2021,W,1
DAL,MEM,04/14/2021,W,0
SAS,TOR,04/14/2021,L,0
IND,HOU,04/14/2021,W,0
BKN,PHI,04/14/2021,L,0
CHA,CLE,04/14/2021,L,1
OKC,UTA,04/13/2021,L,0
UTA,OKC,04/13/2021,W,1
PHX,MIA,04/13/2021,W,1
MIA,PHX,04/13/2021,L,0
TOR,ATL,04/13/2021,L,1
LAC,IND,04/13/2021,W,0
IND,LAC,04/13/2021,L,1
BOS,POR,04/13/2021,W,0
CHA,LAL,04/13/2021,L,1
LAL,CHA,04/13/2021,W,0
POR,BOS,04/13/2021,L,1
ATL,TOR,04/13/2021,W,0
BKN,MIN,04/13/2021,W,0
MIN,BKN,04/13/2021,L,1
MEM,CHI,04/12/2021,W,1
CHI,MEM,04/12/2021,L,0
WAS,UTA,04/12/2021,W,0
UTA,WAS,04/12/2021,L,1
NOP,SAC,04/12/2021,W,1
SAC,NOP,04/12/2021,L,0
HOU,PHX,04/12/2021,L,0
PHI,DAL,04/12/2021,W,0
DAL,PHI,04/12/2021,L,1
ORL,SAS,04/12/2021,L,1
SAS,ORL,04/12/2021,W,0
GSW,DEN,04/12/2021,W,1
DEN,GSW,04/12/2021,L,0
PHX,HOU,04/12/2021,W,1
LAL,NYK,04/12/2021,L,0
NYK,LAL,04/12/2021,W,1
MEM,IND,04/11/2021,L,1
IND,MEM,04/11/2021,W,0
ATL,CHA,04/11/2021,W,0
NYK,TOR,04/11/2021,W,1
TOR,NYK,04/11/2021,L,0
LAC,DET,04/11/2021,W,1
DET,LAC,04/11/2021,L,0
DEN,BOS,04/11/2021,L,1
MIA,POR,04/11/2021,W,0
CHA,ATL,04/11/2021,L,1
DAL,SAS,04/11/2021,L,1
NOP,CLE,04/11/2021,W,0
CLE,NOP,04/11/2021,L,1
POR,MIA,04/11/2021,L,1
MIL,ORL,04/11/2021,W,0
ORL,MIL,04/11/2021,L,1
BOS,DEN,04/11/2021,W,0
CHI,MIN,04/11/2021,L,0
MIN,CHI,04/11/2021,W,1
SAS,DAL,04/11/2021,W,0
SAC,UTA,04/10/2021,L,0
UTA,SAC,04/10/2021,W,1
POR,DET,04/10/2021,W,1
OKC,PHI,04/10/2021,L,1
PHI,OKC,04/10/2021,W,0
CLE,TOR,04/10/2021,L,1
TOR,CLE,04/10/2021,W,0
GSW,HOU,04/10/2021,W,1
PHX,WAS,04/10/2021,W,1
DET,POR,04/10/2021,L,0
WAS,PHX,04/10/2021,L,0
HOU,GSW,04/10/2021,L,0
BKN,LAL,04/10/2021,L,1
LAL,BKN,04/10/2021,W,0
MEM,NYK,04/09/2021,L,0
GSW,WAS,04/09/2021,L,1
WAS,GSW,04/09/2021,W,0
NYK,MEM,04/09/2021,W,1
DEN,SAS,04/09/2021,W,1
SAS,DEN,04/09/2021,L,0
IND,ORL,04/09/2021,W,0
BOS,MIN,04/09/2021,W,1
MIN,BOS,04/09/2021,L,0
LAC,HOU,04/09/2021,W,1
PHI,NOP,04/09/2021,L,0
NOP,PHI,04/09/2021,W,1
HOU,LAC,04/09/2021,L,0
CHA,MIL,04/09/2021,W,0
MIL,CHA,04/09/2021,L,1
ORL,IND,04/09/2021,L,1
ATL,CHI,04/09/2021,W,1
CHI,ATL,04/09/2021,L,0
CHI,TOR,04/08/2021,W,0
DET,SAC,04/08/2021,W,0
TOR,CHI,04/08/2021,L,1
SAC,DET,04/08/2021,L,1
DAL,MIL,04/08/2021,W,1
MIL,DAL,04/08/2021,L,0
OKC,CLE,04/08/2021,L,1
UTA,POR,04/08/2021,W,1
POR,UTA,04/08/2021,L,0
LAC,PHX,04/08/2021,W,1
LAL,MIA,04/08/2021,L,0
MIA,LAL,04/08/2021,W,1
PHX,LAC,04/08/2021,L,0
CLE,OKC,04/08/2021,W,0
HOU,DAL,04/07/2021,W,1
DAL,HOU,04/07/2021,L,0
BOS,NYK,04/07/2021,W,1
NOP,BKN,04/07/2021,L,0
BKN,NOP,04/07/2021,W,1
NYK,BOS,04/07/2021,L,0
DEN,SAS,04/07/2021,W,1
PHX,UTA,04/07/2021,W,1
SAS,DEN,04/07/2021,L,0
WAS,ORL,04/07/2021,W,0
OKC,CHA,04/07/2021,L,1
CHA,OKC,04/07/2021,W,0
MIN,IND,04/07/2021,L,0
ORL,WAS,04/07/2021,L,1
UTA,PHX,04/07/2021,L,0
ATL,MEM,04/07/2021,L,1
MEM,ATL,04/07/2021,W,0
IND,MIN,04/07/2021,W,1
IND,CHI,04/06/2021,L,1
PHI,BOS,04/06/2021,W,0
TOR,LAL,04/06/2021,L,1
LAL,TOR,04/06/2021,W,0
MIL,GSW,04/06/2021,L,0
BOS,PHI,04/06/2021,L,1
GSW,MIL,04/06/2021,W,1
ATL,NOP,04/06/2021,W,1
NOP,ATL,04/06/2021,L,0
LAC,POR,04/06/2021,W,1
POR,LAC,04/06/2021,L,0
MEM,MIA,04/06/2021,W,0
MIA,MEM,04/06/2021,L,1
CHI,IND,04/06/2021,W,0
DET,DEN,04/06/2021,L,0
DEN,DET,04/06/2021,W,1
WAS,TOR,04/05/2021,L,0
TOR,WAS,04/05/2021,W,1
DET,OKC,04/05/2021,W,0
CLE,SAS,04/05/2021,W,0
OKC,DET,04/05/2021,L,1
SAS,CLE,04/05/2021,L,1
UTA,DAL,04/05/2021,L,0
DAL,UTA,04/05/2021,W,1
BKN,NYK,04/05/2021,W,1
MIN,SAC,04/05/2021,W,1
NYK,BKN,04/05/2021,L,0
HOU,PHX,04/05/2021,L,1
PHX,HOU,04/05/2021,W,0
SAC,MIN,04/05/2021,L,0
ORL,DEN,04/04/2021,L,0
ATL,GSW,04/04/2021,W,1
GSW,ATL,04/04/2021,L,0
BOS,CHA,04/04/2021,W,1
CHA,BOS,04/04/2021,L,0
LAL,LAC,04/04/2021,L,0
DEN,ORL,04/04/2021,W,1
LAC,LAL,04/04/2021,W,1
HOU,NOP,04/04/2021,L,1
NOP,HOU,04/04/2021,W,0
MEM,PHI,04/04/2021,W,0
CHI,BKN,04/04/2021,W,1
BKN,CHI,04/04/2021,L,0
PHI,MEM,04/04/2021,L,1
NYK,DET,04/03/2021,W,0
CLE,MIA,04/03/2021,L,0
DET,NYK,04/03/2021,L,1
MIA,CLE,04/03/2021,W,1
SAS,IND,04/03/2021,L,1
IND,SAS,04/03/2021,W,0
DAL,WAS,04/03/2021,W,0
POR,OKC,04/03/2021,W,1
OKC,POR,04/03/2021,L,0
WAS,DAL,04/03/2021,L,1
MIL,SAC,04/03/2021,W,0
UTA,ORL,04/03/2021,W,1
ORL,UTA,04/03/2021,L,0
SAC,MIL,04/03/2021,L,1
PHI,MIN,04/03/2021,W,1
MIN,PHI,04/03/2021,L,0
PHX,OKC,04/02/2021,W,1
IND,CHA,04/02/2021,L,1
MIL,POR,04/02/2021,W,0
POR,MIL,04/02/2021,L,1
GSW,TOR,04/02/2021,L,0
TOR,GSW,04/02/2021,W,1
DAL,NYK,04/02/2021,W,0
NOP,ATL,04/02/2021,L,1
OKC,PHX,04/02/2021,L,0
UTA,CHI,04/02/2021,W,1
NYK,DAL,04/02/2021,L,1
CHI,UTA,04/02/2021,L,0
MIN,MEM,04/02/2021,L,0
MEM,MIN,04/02/2021,W,1
LAL,SAC,04/02/2021,W,0
CHA,IND,04/02/2021,W,0
BOS,HOU,04/02/2021,W,1
SAC,LAL,04/02/2021,L,1
HOU,BOS,04/02/2021,L,0
ATL,NOP,04/02/2021,W,0
CHA,BKN,04/01/2021,L,0
NOP,ORL,04/01/2021,L,1
LAC,DEN,04/01/2021,L,1
DEN,LAC,04/01/2021,W,0
GSW,MIA,04/01/2021,L,0
MIA,GSW,04/01/2021,W,1
ORL,NOP,04/01/2021,W,0
BKN,CHA,04/01/2021,W,1
PHI,CLE,04/01/2021,W,0
CLE,PHI,04/01/2021,L,1
ATL,SAS,04/01/2021,W,0
SAS,ATL,04/01/2021,L,1
WAS,DET,04/01/2021,L,0
DET,WAS,04/01/2021,W,1
HOU,BKN,03/31/2021,L,0
DAL,BOS,03/31/2021,W,0
BOS,DAL,03/31/2021,L,1
BKN,HOU,03/31/2021,W,1
UTA,MEM,03/31/2021,W,0
MIA,IND,03/31/2021,W,0
SAC,SAS,03/31/2021,L,0
DET,POR,03/31/2021,L,1
POR,DET,03/31/2021,W,0
IND,MIA,03/31/2021,L,1
OKC,TOR,03/31/2021,W,1
MEM,UTA,03/31/2021,L,1
SAS,SAC,03/31/2021,W,1
TOR,OKC,03/31/2021,L,0
PHX,CHI,03/31/2021,W,1
CHI,PHX,03/31/2021,L,0
LAL,MIL,03/31/2021,L,1
MIL,LAL,03/31/2021,W,0
NYK,MIN,03/31/2021,L,0
MIN,NYK,03/31/2021,W,1
PHX,ATL,03/30/2021,W,1
PHI,DEN,03/30/2021,L,0
DEN,PHI,03/30/2021,W,1
ATL,PHX,03/30/2021,L,0
WAS,CHA,03/30/2021,L,1
ORL,LAC,03/30/2021,W,0
LAC,ORL,03/30/2021,L,1
CHA,WAS,03/30/2021,W,0
HOU,MEM,03/29/2021,L,1
MEM,HOU,03/29/2021,W,0
MIA,NYK,03/29/2021,W,0
OKC,DAL,03/29/2021,L,1
SAC,SAS,03/29/2021,W,0
SAS,SAC,03/29/2021,L,1
NOP,BOS,03/29/2021,W,0
NYK,MIA,03/29/2021,L,1
DAL,OKC,03/29/2021,W,0
UTA,CLE,03/29/2021,W,1
CLE,UTA,03/29/2021,L,0
BOS,NOP,03/29/2021,L,1
WAS,IND,03/29/2021,W,1
IND,WAS,03/29/2021,L,0
LAC,MIL,03/29/2021,W,1
MIL,LAC,03/29/2021,L,0
BKN,MIN,03/29/2021,W,1
MIN,BKN,03/29/2021,L,0
GSW,CHI,03/29/2021,W,1
CHI,GSW,03/29/2021,L,0
TOR,DET,03/29/2021,L,0
DET,TOR,03/29/2021,W,1
CHA,PHX,03/28/2021,L,1
PHX,CHA,03/28/2021,W,0
DEN,ATL,03/28/2021,W,1
ATL,DEN,03/28/2021,L,0
ORL,LAL,03/28/2021,L,0
POR,TOR,03/28/2021,W,0
TOR,POR,03/28/2021,L,1
LAL,ORL,03/28/2021,W,1
LAC,PHI,03/27/2021,W,1
PHI,LAC,03/27/2021,L,0
MEM,UTA,03/27/2021,L,0
OKC,BOS,03/27/2021,L,1
BOS,OKC,03/27/2021,W,0
MIL,NYK,03/27/2021,L,1
NYK,MIL,03/27/2021,W,0
UTA,MEM,03/27/2021,W,1
HOU,MIN,03/27/2021,W,0
CLE,SAC,03/27/2021,L,0
SAC,CLE,03/27/2021,W,1
NOP,DAL,03/27/2021,W,1
DAL,NOP,03/27/2021,L,0
CHI,SAS,03/27/2021,L,0
MIN,HOU,03/27/2021,L,1
SAS,CHI,03/27/2021,W,1
WAS,DET,03/27/2021,W,1
DET,WAS,03/27/2021,L,0
DET,BKN,03/26/2021,L,1
BKN,DET,03/26/2021,W,0
HOU,MIN,03/26/2021,L,0
MIN,HOU,03/26/2021,W,1
GSW,ATL,03/26/2021,L,1
ATL,GSW,03/26/2021,W,0
TOR,PHX,03/26/2021,L,1
PHX,TOR,03/26/2021,W,0
UTA,MEM,03/26/2021,W,1
MEM,UTA,03/26/2021,L,0
MIL,BOS,03/26/2021,L,1
DAL,IND,03/26/2021,L,1
IND,DAL,03/26/2021,W,0
BOS,MIL,03/26/2021,W,0
DEN,NOP,03/26/2021,W,0
NOP,DEN,03/26/2021,L,1
ORL,POR,03/26/2021,L,1
CHA,MIA,03/26/2021,W,1
MIA,CHA,03/26/2021,L,0
POR,ORL,03/26/2021,W,0
LAL,CLE,03/26/2021,W,1
CLE,LAL,03/26/2021,L,0
SAS,LAC,03/25/2021,L,1
LAC,SAS,03/25/2021,W,0
LAL,PHI,03/25/2021,L,1
MIA,POR,03/25/2021,L,1
POR,MIA,03/25/2021,W,0
PHI,LAL,03/25/2021,W,0
NYK,WAS,03/25/2021,W,1
WAS,NYK,03/25/2021,L,0
SAC,GSW,03/25/2021,W,1
GSW,SAC,03/25/2021,L,0
CHI,CLE,03/24/2021,L,1
SAC,ATL,03/24/2021,W,1
BOS,MIL,03/24/2021,L,0
MIL,BOS,03/24/2021,W,1
UTA,BKN,03/24/2021,W,1
BKN,UTA,03/24/2021,L,0
TOR,DEN,03/24/2021,W,1
ORL,PHX,03/24/2021,W,1
PHX,ORL,03/24/2021,L,0
MIN,DAL,03/24/2021,L,1
DAL,MIN,03/24/2021,W,0
MEM,OKC,03/24/2021,W,0
OKC,MEM,03/24/2021,L,1
ATL,SAC,03/24/2021,L,0
CLE,CHI,03/24/2021,W,0
SAS,LAC,03/24/2021,L,1
LAC,SAS,03/24/2021,W,0
CHA,HOU,03/24/2021,W,0
DEN,TOR,03/24/2021,L,0
HOU,CHA,03/24/2021,L,1
DET,IND,03/24/2021,L,0
IND,DET,03/24/2021,W,1
NYK,WAS,03/23/2021,W,1
WAS,NYK,03/23/2021,L,0
LAL,NOP,03/23/2021,L,0
NOP,LAL,03/23/2021,W,1
GSW,PHI,03/23/2021,L,1
PHI,GSW,03/23/2021,W,0
ORL,DEN,03/23/2021,L,1
MIA,PHX,03/23/2021,L,1
DEN,ORL,03/23/2021,W,0
PHX,MIA,03/23/2021,W,0
BKN,POR,03/23/2021,W,0
POR,BKN,03/23/2021,L,1
TOR,HOU,03/22/2021,L,0
LAC,ATL,03/22/2021,W,1
ATL,LAC,03/22/2021,L,0
MEM,BOS,03/22/2021,W,1
BOS,MEM,03/22/2021,L,0
SAS,CHA,03/22/2021,L,1
HOU,TOR,03/22/2021,W,1
UTA,CHI,03/22/2021,W,0
CHA,SAS,03/22/2021,W,0
SAC,CLE,03/22/2021,W,0
CLE,SAC,03/22/2021,L,1
CHI,UTA,03/22/2021,L,1
MIL,IND,03/22/2021,W,1
IND,MIL,03/22/2021,L,0
MIN,OKC,03/22/2021,L,1
OKC,MIN,03/22/2021,W,0
PHI,NYK,03/21/2021,W,0
NYK,PHI,03/21/2021,L,1
PHX,LAL,03/21/2021,W,1
CHI,DET,03/21/2021,W,0
DEN,NOP,03/21/2021,L,1
NOP,DEN,03/21/2021,W,0
DET,CHI,03/21/2021,L,1
LAL,PHX,03/21/2021,L,0
TOR,CLE,03/21/2021,L,0
CLE,TOR,03/21/2021,W,1
POR,DAL,03/21/2021,L,1
ORL,BOS,03/21/2021,L,0
BOS,ORL,03/21/2021,W,1
WAS,BKN,03/21/2021,L,0
BKN,WAS,03/21/2021,W,1
DAL,POR,03/21/2021,W,0
MIA,IND,03/21/2021,L,1
IND,MIA,03/21/2021,W,0
HOU,OKC,03/21/2021,L,1
OKC,HOU,03/21/2021,W,0
LAC,CHA,03/20/2021,W,1
ATL,LAL,03/20/2021,W,0
MEM,GSW,03/20/2021,W,1
CHA,LAC,03/20/2021,L,0
LAL,ATL,03/20/2021,L,1
MIL,SAS,03/20/2021,W,1
SAS,MIL,03/20/2021,L,0
PHI,SAC,03/20/2021,W,1
SAC,PHI,03/20/2021,L,0
GSW,MEM,03/20/2021,L,0
MEM,GSW,03/19/2021,L,1
DEN,CHI,03/19/2021,W,1
PHX,MIN,03/19/2021,W,1
MIN,PHX,03/19/2021,L,0
POR,DAL,03/19/2021,W,1
DAL,POR,03/19/2021,L,0
CHI,DEN,03/19/2021,L,0
BKN,ORL,03/19/2021,L,0
CLE,SAS,03/19/2021,L,1
ORL,BKN,03/19/2021,W,1
SAS,CLE,03/19/2021,W,0
HOU,DET,03/19/2021,L,1
MIA,IND,03/19/2021,L,1
IND,MIA,03/19/2021,W,0
DET,HOU,03/19/2021,W,0
BOS,SAC,03/19/2021,L,1
UTA,TOR,03/19/2021,W,0
TOR,UTA,03/19/2021,L,1
SAC,BOS,03/19/2021,W,0
GSW,MEM,03/19/2021,W,0
MIN,PHX,03/18/2021,W,0
PHX,MIN,03/18/2021,L,1
WAS,UTA,03/18/2021,W,1
UTA,WAS,03/18/2021,L,0
NYK,ORL,03/18/2021,W,1
ORL,NYK,03/18/2021,L,0
LAL,CHA,03/18/2021,W,1
CHA,LAL,03/18/2021,L,0
ATL,OKC,03/18/2021,W,1
OKC,ATL,03/18/2021,L,0
NOP,POR,03/18/2021,L,0
POR,NOP,03/18/2021,W,1
CHI,SAS,03/17/2021,L,1
SAS,CHI,03/17/2021,W,0
BKN,IND,03/17/2021,W,0
CLE,BOS,03/17/2021,W,1
BOS,CLE,03/17/2021,L,0
IND,BKN,03/17/2021,L,1
TOR,DET,03/17/2021,L,0
DET,TOR,03/17/2021,W,1
LAC,DAL,03/17/2021,L,0
MIA,MEM,03/17/2021,L,0
MEM,MIA,03/17/2021,W,1
GSW,HOU,03/17/2021,W,0
HOU,GSW,03/17/2021,L,1
MIL,PHI,03/17/2021,W,0
PHI,MIL,03/17/2021,L,1
DAL,LAC,03/17/2021,W,1
SAC,WAS,03/17/2021,W,0
DEN,CHA,03/17/2021,W,1
CHA,DEN,03/17/2021,L,0
WAS,SAC,03/17/2021,L,1
HOU,ATL,03/16/2021,L,1
ATL,HOU,03/16/2021,W,0
MIN,LAL,03/16/2021,L,0
OKC,CHI,03/16/2021,L,0
UTA,BOS,03/16/2021,W,0
BOS,UTA,03/16/2021,L,1
POR,NOP,03/16/2021,W,1
NOP,POR,03/16/2021,L,0
CLE,MIA,03/16/2021,L,0
MIA,CLE,03/16/2021,W,1
NYK,PHI,03/16/2021,L,0
PHI,NYK,03/16/2021,W,1
CHI,OKC,03/16/2021,W,1
LAL,MIN,03/16/2021,W,1
MIL,WAS,03/15/2021,W,0
DAL,LAC,03/15/2021,L,1
LAC,DAL,03/15/2021,W,0
DEN,IND,03/15/2021,W,1
IND,DEN,03/15/2021,L,0
WAS,MIL,03/15/2021,L,1
SAS,DET,03/15/2021,W,0
DET,SAS,03/15/2021,L,1
GSW,LAL,03/15/2021,L,1
LAL,GSW,03/15/2021,W,0
BKN,NYK,03/15/2021,W,1
NYK,BKN,03/15/2021,L,0
CHA,SAC,03/15/2021,W,1
SAC,CHA,03/15/2021,L,0
PHX,MEM,03/15/2021,W,1
MEM,PHX,03/15/2021,L,0
POR,MIN,03/14/2021,L,0
UTA,GSW,03/14/2021,L,0
GSW,UTA,03/14/2021,W,1
BOS,HOU,03/14/2021,W,0
HOU,BOS,03/14/2021,L,1
MEM,OKC,03/14/2021,L,0
OKC,MEM,03/14/2021,W,1
CLE,ATL,03/14/2021,L,0
ATL,CLE,03/14/2021,W,1
CHI,TOR,03/14/2021,W,1
TOR,CHI,03/14/2021,L,0
MIN,POR,03/14/2021,W,1
SAS,PHI,03/14/2021,L,0
LAC,NOP,03/14/2021,L,0
NOP,LAC,03/14/2021,W,1
ORL,MIA,03/14/2021,L,1
MIA,ORL,03/14/2021,W,0
PHI,SAS,03/14/2021,W,1
DAL,DEN,03/13/2021,W,0
OKC,NYK,03/13/2021,L,1
NYK,OKC,03/13/2021,W,0
MIN,POR,03/13/2021,L,1
IND,PHX,03/13/2021,W,0
BKN,DET,03/13/2021,W,1
PHX,IND,03/13/2021,L,1
TOR,CHA,03/13/2021,L,0
CHA,TOR,03/13/2021,W,1
POR,MIN,03/13/2021,W,0
DET,BKN,03/13/2021,L,0
SAC,ATL,03/13/2021,L,0
ATL,SAC,03/13/2021,W,1
DEN,DAL,03/13/2021,L,1
MIL,WAS,03/13/2021,W,0
WAS,MIL,03/13/2021,L,1
HOU,UTA,03/12/2021,L,0
ORL,SAS,03/12/2021,L,0
SAS,ORL,03/12/2021,W,1
PHI,WAS,03/12/2021,W,0
WAS,PHI,03/12/2021,L,1
UTA,HOU,03/12/2021,W,1
CLE,NOP,03/12/2021,L,0
NOP,CLE,03/12/2021,W,1
DEN,MEM,03/12/2021,W,0
MEM,DEN,03/12/2021,L,1
MIA,CHI,03/12/2021,W,0
LAL,IND,03/12/2021,W,1
IND,LAL,03/12/2021,L,0
CHI,MIA,03/12/2021,L,1
LAC,GSW,03/11/2021,W,1
GSW,LAC,03/11/2021,L,0
OKC,DAL,03/11/2021,W,1
ATL,TOR,03/11/2021,W,0
NOP,MIN,03/11/2021,L,1
TOR,ATL,03/11/2021,L,1
DAL,OKC,03/11/2021,L,0
SAC,HOU,03/11/2021,W,1
MIN,NOP,03/11/2021,W,0
CHI,PHI,03/11/2021,L,1
PHI,CHI,03/11/2021,W,0
HOU,SAC,03/11/2021,L,0
BOS,BKN,03/11/2021,L,0
BKN,BOS,03/11/2021,W,1
MIL,NYK,03/11/2021,W,1
NYK,MIL,03/11/2021,L,0
PHX,POR,03/11/2021,W,0
CHA,DET,03/11/2021,W,1
POR,PHX,03/11/2021,L,1
DET,CHA,03/11/2021,L,0
MIA,ORL,03/11/2021,W,1
ORL,MIA,03/11/2021,L,0
MEM,WAS,03/10/2021,W,1
WAS,MEM,03/10/2021,L,0
SAS,DAL,03/10/2021,L,0
DAL,SAS,03/10/2021,W,1
MIL,MEM,03/04/2021,W,0
MEM,MIL,03/04/2021,L,1
BOS,TOR,03/04/2021,W,1
TOR,BOS,03/04/2021,L,0
IND,DEN,03/04/2021,L,1
SAC,POR,03/04/2021,L,0
POR,SAC,03/04/2021,W,1
MIA,NOP,03/04/2021,W,0
NOP,MIA,03/04/2021,L,1
PHX,GSW,03/04/2021,W,1
GSW,PHX,03/04/2021,L,0
DEN,IND,03/04/2021,W,0
LAC,WAS,03/04/2021,L,0
OKC,SAS,03/04/2021,W,0
SAS,OKC,03/04/2021,L,1
NYK,DET,03/04/2021,W,1
DET,NYK,03/04/2021,L,0
WAS,LAC,03/04/2021,W,1
MIN,CHA,03/03/2021,L,1
OKC,DAL,03/03/2021,L,0
DAL,OKC,03/03/2021,W,1
ORL,ATL,03/03/2021,L,1
ATL,ORL,03/03/2021,W,0
POR,GSW,03/03/2021,W,1
NOP,CHI,03/03/2021,L,1
CHI,NOP,03/03/2021,W,0
GSW,POR,03/03/2021,L,0
UTA,PHI,03/03/2021,L,0
PHI,UTA,03/03/2021,W,1
LAL,SAC,03/03/2021,L,0
SAC,LAL,03/03/2021,W,1
IND,CLE,03/03/2021,W,0
CLE,IND,03/03/2021,L,1
BKN,HOU,03/03/2021,W,0
HOU,BKN,03/03/2021,L,1
DET,TOR,03/03/2021,W,0
TOR,DET,03/03/2021,L,1
CHA,MIN,03/03/2021,W,0
WAS,MEM,03/02/2021,L,1
SAS,NYK,03/02/2021,W,1
MIA,ATL,03/02/2021,L,1
ATL,MIA,03/02/2021,W,0
DEN,MIL,03/02/2021,W,0
MIL,DEN,03/02/2021,L,1
MEM,WAS,03/02/2021,W,0
NYK,SAS,03/02/2021,L,0
BOS,LAC,03/02/2021,W,1
LAC,BOS,03/02/2021,L,0
PHX,LAL,03/02/2021,W,0
LAL,PHX,03/02/2021,L,1
ORL,DAL,03/01/2021,L,1
IND,PHI,03/01/2021,L,0
SAS,BKN,03/01/2021,L,1
NOP,UTA,03/01/2021,W,1
POR,CHA,03/01/2021,W,1
BKN,SAS,03/01/2021,W,0
CHA,POR,03/01/2021,L,0
UTA,NOP,03/01/2021,L,0
CHI,DEN,03/01/2021,L,1
DEN,CHI,03/01/2021,W,0
HOU,CLE,03/01/2021,L,1
CLE,HOU,03/01/2021,W,0
DAL,ORL,03/01/2021,W,0
PHI,IND,03/01/2021,W,1
ATL,MIA,02/28/2021,L,0
MIA,ATL,02/28/2021,W,1
MIN,PHX,02/28/2021,L,1
PHX,MIN,02/28/2021,W,0
GSW,LAL,02/28/2021,L,0
WAS,BOS,02/28/2021,L,0
DET,NYK,02/28/2021,L,1
HOU,MEM,02/28/2021,L,1
MEM,HOU,02/28/2021,W,0
CHA,SAC,02/28/2021,W,0
SAC,CHA,02/28/2021,L,1
BOS,WAS,02/28/2021,W,1
LAL,GSW,02/28/2021,W,1
MIL,LAC,02/28/2021,W,1
LAC,MIL,02/28/2021,L,0
NYK,DET,02/28/2021,W,0
DEN,OKC,02/27/2021,W,0
OKC,DEN,02/27/2021,L,1
NYK,IND,02/27/2021,W,1
SAS,NOP,02/27/2021,W,1
NOP,SAS,02/27/2021,L,0
WAS,MIN,02/27/2021,W,1
PHI,CLE,02/27/2021,L,1
CLE,PHI,02/27/2021,W,0
DAL,BKN,02/27/2021,W,0
BKN,DAL,02/27/2021,L,1
MIN,WAS,02/27/2021,L,0
IND,NYK,02/27/2021,L,0
UTA,ORL,02/27/2021,W,0
ORL,UTA,02/27/2021,L,1
TOR,HOU,02/26/2021,W,1
DET,SAC,02/26/2021,L,1
SAC,DET,02/26/2021,W,0
ATL,OKC,02/26/2021,L,0
IND,BOS,02/26/2021,L,0
BOS,IND,02/26/2021,W,1
CHA,GSW,02/26/2021,L,0
LAC,MEM,02/26/2021,W,0
MEM,LAC,02/26/2021,L,1
GSW,CHA,02/26/2021,W,1
MIA,UTA,02/26/2021,W,1
UTA,MIA,02/26/2021,L,0
OKC,ATL,02/26/2021,W,1
CHI,PHX,02/26/2021,L,1
HOU,TOR,02/26/2021,L,0
LAL,POR,02/26/2021,W,1
PHX,CHI,02/26/2021,W,0
POR,LAL,02/26/2021,L,0
WAS,DEN,02/25/2021,W,0
DEN,WAS,02/25/2021,L,1
MIL,NOP,02/25/2021,W,1
NOP,MIL,02/25/2021,L,0
SAC,NYK,02/25/2021,L,0
PHI,DAL,02/25/2021,W,1
BKN,ORL,02/25/2021,W,1
ORL,BKN,02/25/2021,L,0
LAC,MEM,02/25/2021,L,0
MEM,LAC,02/25/2021,W,1
NYK,SAC,02/25/2021,W,1
DAL,PHI,02/25/2021,L,0
GSW,IND,02/24/2021,W,0
CHA,PHX,02/24/2021,W,0
PHX,CHA,02/24/2021,L,1
IND,GSW,02/24/2021,L,1
UTA,LAL,02/24/2021,W,1
NOP,DET,02/24/2021,W,1
DET,NOP,02/24/2021,L,0
MIN,CHI,02/24/2021,L,0
MIA,TOR,02/24/2021,W,1
OKC,SAS,02/24/2021,W,1
SAS,OKC,02/24/2021,L,0
TOR,MIA,02/24/2021,L,0
CHI,MIN,02/24/2021,W,1
CLE,HOU,02/24/2021,W,1
LAL,UTA,02/24/2021,L,0
HOU,CLE,02/24/2021,L,0
ATL,BOS,02/24/2021,W,1
BOS,ATL,02/24/2021,L,0
DEN,POR,02/23/2021,W,1
POR,DEN,02/23/2021,L,0
ORL,DET,02/23/2021,L,1
DET,ORL,02/23/2021,W,0
GSW,NYK,02/23/2021,W,0
NYK,GSW,02/23/2021,L,1
WAS,LAC,02/23/2021,L,0
DAL,BOS,02/23/2021,W,1
MIL,MIN,02/23/2021,W,1
MIN,MIL,02/23/2021,L,0
BOS,DAL,02/23/2021,L,0
PHI,TOR,02/23/2021,W,0
TOR,PHI,02/23/2021,L,1
SAC,BKN,02/23/2021,L,0
BKN,SAC,02/23/2021,W,1
CLE,ATL,02/23/2021,W,1
ATL,CLE,02/23/2021,L,0
LAC,WAS,02/23/2021,W,1
HOU,CHI,02/22/2021,L,1
LAL,WAS,02/22/2021,L,1
WAS,LAL,02/22/2021,W,0
POR,PHX,02/22/2021,L,0
PHX,POR,02/22/2021,W,1
CHI,HOU,02/22/2021,W,0
OKC,MIA,02/22/2021,L,1
MIA,OKC,02/22/2021,W,0
UTA,CHA,02/22/2021,W,1
CHA,UTA,02/22/2021,L,0
DAL,MEM,02/22/2021,W,1
MEM,DAL,02/22/2021,L,0
BKN,LAC,02/21/2021,W,0
OKC,CLE,02/21/2021,W,0
ORL,DET,02/21/2021,W,1
NOP,BOS,02/21/2021,W,1
BOS,NOP,02/21/2021,L,0
DET,ORL,02/21/2021,L,0
CLE,OKC,02/21/2021,L,1
MIN,NYK,02/21/2021,L,0
NYK,MIN,02/21/2021,W,1
TOR,PHI,02/21/2021,W,1
ATL,DEN,02/21/2021,W,1
MIL,SAC,02/21/2021,W,1
SAC,MIL,02/21/2021,L,0
DEN,ATL,02/21/2021,L,0
LAC,BKN,02/21/2021,L,1
PHI,TOR,02/21/2021,L,0
PHX,MEM,02/20/2021,W,0
CHI,SAC,02/20/2021,W,1
LAL,MIA,02/20/2021,L,1
MIA,LAL,02/20/2021,W,0
GSW,CHA,02/20/2021,L,0
CHA,GSW,02/20/2021,W,1
MEM,PHX,02/20/2021,L,1
SAC,CHI,02/20/2021,L,0
POR,WAS,02/20/2021,L,1
WAS,POR,02/20/2021,W,0
ORL,GSW,02/19/2021,W,1
MIL,OKC,02/19/2021,W,1
LAC,UTA,02/19/2021,W,1
CLE,DEN,02/19/2021,L,1
PHI,CHI,02/19/2021,W,1
DEN,CLE,02/19/2021,W,0
UTA,LAC,02/19/2021,L,0
DET,MEM,02/19/2021,L,0
CHI,PHI,02/19/2021,L,0
NOP,PHX,02/19/2021,L,1
PHX,NOP,02/19/2021,W,0
BOS,ATL,02/19/2021,W,1
ATL,BOS,02/19/2021,L,0
GSW,ORL,02/19/2021,L,0
MIN,TOR,02/19/2021,L,1
TOR,MIN,02/19/2021,W,0
OKC,MIL,02/19/2021,L,0
MEM,DET,02/19/2021,W,1
BKN,LAL,02/18/2021,W,0
LAL,BKN,02/18/2021,L,1
MIL,TOR,02/18/2021,L,1
TOR,MIL,02/18/2021,W,0
SAC,MIA,02/18/2021,L,1
MIA,SAC,02/18/2021,W,0
ORL,NYK,02/17/2021,W,1
NYK,ORL,02/17/2021,L,0
UTA,LAC,02/17/2021,W,0
DET,CHI,02/17/2021,L,0
IND,MIN,02/17/2021,W,0
BOS,ATL,02/17/2021,L,1
ATL,BOS,02/17/2021,W,0
MIN,IND,02/17/2021,L,1
MIA,GSW,02/17/2021,L,0
GSW,MIA,02/17/2021,W,1
NOP,POR,02/17/2021,L,1
POR,NOP,02/17/2021,W,0
OKC,MEM,02/17/2021,L,0
PHI,HOU,02/17/2021,W,1
HOU,PHI,02/17/2021,L,0
MEM,OKC,02/17/2021,W,1
CHI,DET,02/17/2021,W,1
DEN,WAS,02/17/2021,L,0
WAS,DEN,02/17/2021,W,1
LAC,UTA,02/17/2021,L,1
BOS,DEN,02/16/2021,W,1
DEN,BOS,02/16/2021,L,0
POR,OKC,02/16/2021,W,0
NOP,MEM,02/16/2021,W,0
LAL,MIN,02/16/2021,W,0
MIN,LAL,02/16/2021,L,1
TOR,MIL,02/16/2021,W,0
MIL,TOR,02/16/2021,L,1
PHX,BKN,02/16/2021,L,1
MEM,NOP,02/16/2021,L,1
BKN,PHX,02/16/2021,W,0
OKC,POR,02/16/2021,L,1
ATL,NYK,02/15/2021,L,0
NYK,ATL,02/15/2021,W,1
CHI,IND,02/15/2021,W,0
IND,CHI,02/15/2021,L,1
HOU,WAS,02/15/2021,L,0
SAC,BKN,02/15/2021,L,1
CLE,GSW,02/15/2021,L,0
BKN,SAC,02/15/2021,W,0
WAS,HOU,02/15/2021,W,1
GSW,CLE,02/15/2021,W,1
MIA,LAC,02/15/2021,L,0
LAC,MIA,02/15/2021,W,1
PHI,UTA,02/15/2021,L,0
UTA,PHI,02/15/2021,W,1
WAS,BOS,02/14/2021,W,1
BOS,WAS,02/14/2021,L,0
SAC,MEM,02/14/2021,L,1
DET,NOP,02/14/2021,W,1
MEM,SAC,02/14/2021,W,0
NOP,DET,02/14/2021,L,0
PHX,ORL,02/14/2021,W,1
ORL,PHX,02/14/2021,L,0
CLE,LAC,02/14/2021,L,0
LAC,CLE,02/14/2021,W,1
DEN,LAL,02/14/2021,W,1
LAL,DEN,02/14/2021,L,0
DAL,POR,02/14/2021,L,1
OKC,MIL,02/14/2021,W,1
MIL,OKC,02/14/2021,L,0
SAS,CHA,02/14/2021,W,0
CHA,SAS,02/14/2021,L,1
TOR,MIN,02/14/2021,L,1
MIN,TOR,02/14/2021,W,0
POR,DAL,02/14/2021,W,0
IND,ATL,02/13/2021,W,0
NYK,HOU,02/13/2021,W,1
HOU,NYK,02/13/2021,L,0
BKN,GSW,02/13/2021,W,0
GSW,BKN,02/13/2021,L,1
ATL,IND,02/13/2021,L,1
UTA,MIA,02/13/2021,W,1
MIA,UTA,02/13/2021,L,0
PHX,PHI,02/13/2021,W,1
PHI,PHX,02/13/2021,L,0
LAL,MEM,02/12/2021,W,1
CHI,LAC,02/12/2021,L,1
WAS,NYK,02/12/2021,L,1
NYK,WAS,02/12/2021,W,0
CLE,POR,02/12/2021,L,0
MEM,LAL,02/12/2021,L,0
LAC,CHI,02/12/2021,W,0
MIN,CHA,02/12/2021,L,0
CHA,MIN,02/12/2021,W,1
ATL,SAS,02/12/2021,L,1
SAS,ATL,02/12/2021,W,0
SAC,ORL,02/12/2021,L,1
ORL,SAC,02/12/2021,W,0
OKC,DEN,02/12/2021,L,0
DAL,NOP,02/12/2021,W,1
NOP,DAL,02/12/2021,L,0
DEN,OKC,02/12/2021,W,1
DET,BOS,02/12/2021,W,0
BOS,DET,02/12/2021,L,1
UTA,MIL,02/12/2021,W,1
POR,CLE,02/12/2021,W,1
MIL,UTA,02/12/2021,L,0
MIA,HOU,02/11/2021,W,0
HOU,MIA,02/11/2021,L,1
DET,IND,02/11/2021,L,1
IND,DET,02/11/2021,W,0
POR,PHI,02/11/2021,W,1
GSW,ORL,02/11/2021,W,1
ORL,GSW,02/11/2021,L,0
BOS,TOR,02/11/2021,W,1
TOR,BOS,02/11/2021,L,0
PHI,POR,02/11/2021,L,0
TOR,WAS,02/10/2021,W,0
WAS,TOR,02/10/2021,L,1
MIL,PHX,02/10/2021,L,0
PHX,MIL,02/10/2021,W,1
MEM,CHA,02/10/2021,W,1
NOP,CHI,02/10/2021,L,0
CHI,NOP,02/10/2021,W,1
LAL,OKC,02/10/2021,W,1
OKC,LAL,02/10/2021,L,0
DEN,CLE,02/10/2021,W,1
LAC,MIN,02/10/2021,W,0
BKN,IND,02/10/2021,W,1
IND,BKN,02/10/2021,L,0
ATL,DAL,02/10/2021,L,0
DAL,ATL,02/10/2021,W,1
CHA,MEM,02/10/2021,L,0
MIN,LAC,02/10/2021,L,1
CLE,DEN,02/10/2021,L,0
GSW,SAS,02/09/2021,W,0
SAS,GSW,02/09/2021,L,1
UTA,BOS,02/09/2021,W,1
NYK,MIA,02/09/2021,L,0
NOP,HOU,02/09/2021,W,1
BOS,UTA,02/09/2021,L,0
HOU,NOP,02/09/2021,L,0
BKN,DET,02/09/2021,L,0
DET,BKN,02/09/2021,W,1
ORL,POR,02/09/2021,L,0
POR,ORL,02/09/2021,W,1
MIA,NYK,02/09/2021,W,1
SAC,PHI,02/09/2021,L,1
PHI,SAC,02/09/2021,W,0
LAL,OKC,02/08/2021,W,1
CHI,WAS,02/08/2021,L,1
MIL,DEN,02/08/2021,W,0
HOU,CHA,02/08/2021,L,0
CHA,HOU,02/08/2021,W,1
DEN,MIL,02/08/2021,L,1
MIN,DAL,02/08/2021,L,0
OKC,LAL,02/08/2021,L,0
PHX,CLE,02/08/2021,W,1
CLE,PHX,02/08/2021,L,0
SAS,GSW,02/08/2021,W,1
GSW,SAS,02/08/2021,L,0
DAL,MIN,02/08/2021,W,1
TOR,MEM,02/08/2021,W,0
MEM,TOR,02/08/2021,L,1
WAS,CHI,02/08/2021,W,0
BOS,PHX,02/07/2021,L,0
SAC,LAC,02/07/2021,W,0
IND,UTA,02/07/2021,L,1
MIA,NYK,02/07/2021,W,0
NYK,MIA,02/07/2021,L,1
UTA,IND,02/07/2021,W,0
CHA,WAS,02/07/2021,W,1
WAS,CHA,02/07/2021,L,0
LAC,SAC,02/07/2021,L,1
PHX,BOS,02/07/2021,W,1
ATL,TOR,02/06/2021,W,1
MEM,NOP,02/06/2021,L,0
PHI,BKN,02/06/2021,W,1
BKN,PHI,02/06/2021,L,0
POR,NYK,02/06/2021,L,0
CLE,MIL,02/06/2021,L,1
NYK,POR,02/06/2021,W,1
ORL,CHI,02/06/2021,L,1
DEN,SAC,02/06/2021,L,0
TOR,ATL,02/06/2021,L,0
SAC,DEN,02/06/2021,W,1
CHI,ORL,02/06/2021,W,0
MIL,CLE,02/06/2021,W,0
HOU,SAS,02/06/2021,L,1
SAS,HOU,02/06/2021,W,0
DAL,GSW,02/06/2021,W,1
GSW,DAL,02/06/2021,L,0
NOP,MEM,02/06/2021,W,1
OKC,MIN,02/06/2021,W,1
LAL,DET,02/06/2021,W,1
DET,LAL,02/06/2021,L,0
MIN,OKC,02/06/2021,L,0
IND,NOP,02/05/2021,L,1
DET,PHX,02/05/2021,L,0
NOP,IND,02/05/2021,W,0
BKN,TOR,02/05/2021,L,1
TOR,BKN,02/05/2021,W,0
BOS,LAC,02/05/2021,W,0
LAC,BOS,02/05/2021,L,1
MIL,CLE,02/05/2021,W,0
ORL,CHI,02/05/2021,W,1
CLE,MIL,02/05/2021,L,1
PHX,DET,02/05/2021,W,1
CHI,ORL,02/05/2021,L,0
UTA,CHA,02/05/2021,W,0
CHA,UTA,02/05/2021,L,1
MIA,WAS,02/05/2021,W,1
WAS,MIA,02/05/2021,L,0
MIN,OKC,02/05/2021,W,0
OKC,MIN,02/05/2021,L,1
UTA,ATL,02/04/2021,W,0
LAL,DEN,02/04/2021,W,1
POR,PHI,02/04/2021,W,0
PHI,POR,02/04/2021,L,1
DEN,LAL,02/04/2021,L,0
ATL,UTA,02/04/2021,L,1
MEM,HOU,02/04/2021,L,1
HOU,MEM,02/04/2021,W,0
DAL,GSW,02/04/2021,L,1
GSW,DAL,02/04/2021,W,0
PHX,NOP,02/03/2021,L,0
SAC,BOS,02/03/2021,W,1
BOS,SAC,02/03/2021,L,0
NOP,PHX,02/03/2021,W,1
MIN,SAS,02/03/2021,L,0
SAS,MIN,02/03/2021,W,1
NYK,CHI,02/03/2021,W,0
CHI,NYK,02/03/2021,L,1
IND,MIL,02/03/2021,L,0
HOU,OKC,02/03/2021,L,0
MIA,WAS,02/03/2021,L,1
CLE,LAC,02/03/2021,L,1
LAC,CLE,02/03/2021,W,0
WAS,MIA,02/03/2021,W,0
OKC,HOU,02/03/2021,W,1
CHA,PHI,02/03/2021,L,1
PHI,CHA,02/03/2021,W,0
MIL,IND,02/03/2021,W,1
DAL,ATL,02/03/2021,W,0
ATL,DAL,02/03/2021,L,1
GSW,BOS,02/02/2021,L,1
BOS,GSW,02/02/2021,W,0
ORL,TOR,02/02/2021,L,1
LAC,BKN,02/02/2021,L,0
DET,UTA,02/02/2021,L,0
UTA,DET,02/02/2021,W,1
POR,WAS,02/02/2021,W,0
WAS,POR,02/02/2021,L,1
TOR,ORL,02/02/2021,W,0
MEM,IND,02/02/2021,L,0
IND,MEM,02/02/2021,W,1
BKN,LAC,02/02/2021,W,1
MIN,CLE,02/01/2021,L,0
CLE,MIN,02/01/2021,W,1
SAS,MEM,02/01/2021,L,1
MEM,SAS,02/01/2021,W,0
HOU,OKC,02/01/2021,W,0
POR,MIL,02/01/2021,L,0
MIL,POR,02/01/2021,W,1
NYK,CHI,02/01/2021,L,0
SAC,NOP,02/01/2021,W,0
NOP,SAC,02/01/2021,L,1
LAL,ATL,02/01/2021,W,0
ATL,LAL,02/01/2021,L,1
CHI,NYK,02/01/2021,W,1
PHX,DAL,02/01/2021,W,0
DAL,PHX,02/01/2021,L,1
MIA,CHA,02/01/2021,L,1
CHA,MIA,02/01/2021,W,0
OKC,HOU,02/01/2021,L,1
DEN,UTA,01/31/2021,W,1
IND,PHI,01/31/2021,L,1
ORL,TOR,01/31/2021,L,0
TOR,ORL,01/31/2021,W,1
PHI,IND,01/31/2021,W,0
CLE,MIN,01/31/2021,L,0
MIN,CLE,01/31/2021,W,1
LAC,NYK,01/31/2021,W,0
NYK,LAC,01/31/2021,L,1
WAS,BKN,01/31/2021,W,1
BKN,WAS,01/31/2021,L,0
UTA,DEN,01/31/2021,L,0
PHX,DAL,01/30/2021,W,0
MIA,SAC,01/30/2021,W,1
SAC,MIA,01/30/2021,L,0
CHI,POR,01/30/2021,L,1
MIL,CHA,01/30/2021,L,0
DAL,PHX,01/30/2021,L,1
POR,CHI,01/30/2021,W,0
CHA,MIL,01/30/2021,W,1
BOS,LAL,01/30/2021,L,1
LAL,BOS,01/30/2021,W,0
SAS,MEM,01/30/2021,L,1
MEM,SAS,01/30/2021,W,0
NOP,HOU,01/30/2021,L,1
HOU,NOP,01/30/2021,W,0
GSW,DET,01/30/2021,W,1
DET,GSW,01/30/2021,L,0
WAS,ATL,01/29/2021,L,1
MIN,PHI,01/29/2021,L,1
DAL,UTA,01/29/2021,L,0
PHI,MIN,01/29/2021,W,0
NOP,MIL,01/29/2021,W,1
CLE,NYK,01/29/2021,L,0
NYK,CLE,01/29/2021,W,1
ORL,LAC,01/29/2021,L,1
UTA,DAL,01/29/2021,W,1
ATL,WAS,01/29/2021,W,0
CHA,IND,01/29/2021,W,1
IND,CHA,01/29/2021,L,0
TOR,SAC,01/29/2021,L,1
LAC,ORL,01/29/2021,W,0
OKC,BKN,01/29/2021,L,1
BKN,OKC,01/29/2021,W,0
MIL,NOP,01/29/2021,L,0
SAS,DEN,01/29/2021,W,1
SAC,TOR,01/29/2021,W,0
DEN,SAS,01/29/2021,L,0
LAL,DET,01/28/2021,L,0
DET,LAL,01/28/2021,W,1
POR,HOU,01/28/2021,L,0
HOU,POR,01/28/2021,W,1
PHX,GSW,01/28/2021,W,1
MIA,LAC,01/28/2021,L,1
LAC,MIA,01/28/2021,W,0
GSW,PHX,01/28/2021,L,0
DEN,MIA,01/27/2021,W,0
MIL,TOR,01/27/2021,W,0
TOR,MIL,01/27/2021,L,1
MIA,DEN,01/27/2021,L,1
WAS,NOP,01/27/2021,L,0
CHA,IND,01/27/2021,L,1
IND,CHA,01/27/2021,W,0
CLE,DET,01/27/2021,W,1
DET,CLE,01/27/2021,L,0
ATL,BKN,01/27/2021,L,1
ORL,SAC,01/27/2021,L,1
SAC,ORL,01/27/2021,W,0
MIN,GSW,01/27/2021,L,0
GSW,MIN,01/27/2021,W,1
BKN,ATL,01/27/2021,W,0
OKC,PHX,01/27/2021,W,0
PHX,OKC,01/27/2021,L,1
PHI,LAL,01/27/2021,W,1
LAL,PHI,01/27/2021,L,0
UTA,DAL,01/27/2021,W,1
SAS,BOS,01/27/2021,W,1
BOS,SAS,01/27/2021,L,0
DAL,UTA,01/27/2021,L,0
NOP,WAS,01/27/2021,W,1
UTA,NYK,01/26/2021,W,1
WAS,HOU,01/26/2021,L,0
HOU,WAS,01/26/2021,W,1
ATL,LAC,01/26/2021,W,1
LAC,ATL,01/26/2021,L,0
NYK,UTA,01/26/2021,L,0
MIN,GSW,01/25/2021,L,0
GSW,MIN,01/25/2021,W,1
DET,PHI,01/25/2021,W,1
PHI,DET,01/25/2021,L,0
DAL,DEN,01/25/2021,L,1
ORL,CHA,01/25/2021,W,1
DEN,DAL,01/25/2021,W,0
LAL,CLE,01/25/2021,W,0
CLE,LAL,01/25/2021,L,1
POR,OKC,01/25/2021,L,1
CHA,ORL,01/25/2021,L,0
OKC,POR,01/25/2021,W,0
TOR,IND,01/25/2021,L,0
IND,TOR,01/25/2021,W,1
BKN,MIA,01/25/2021,W,1
MIA,BKN,01/25/2021,L,0
CHI,BOS,01/25/2021,L,1
BOS,CHI,01/25/2021,W,0
MIL,ATL,01/24/2021,W,1
POR,NYK,01/24/2021,W,1
NYK,POR,01/24/2021,L,0
SAS,WAS,01/24/2021,W,1
ATL,MIL,01/24/2021,L,0
WAS,SAS,01/24/2021,L,0
LAC,OKC,01/24/2021,W,1
IND,TOR,01/24/2021,L,1
BOS,CLE,01/24/2021,W,1
CLE,BOS,01/24/2021,L,0
TOR,IND,01/24/2021,W,0
OKC,LAC,01/24/2021,L,0
CHA,ORL,01/24/2021,W,0
ORL,CHA,01/24/2021,L,1
PHX,DEN,01/23/2021,L,1
MIA,BKN,01/23/2021,L,0
BKN,MIA,01/23/2021,W,1
LAL,CHI,01/23/2021,W,0
CHI,LAL,01/23/2021,L,1
MIN,NOP,01/23/2021,W,1
HOU,DAL,01/23/2021,W,0
DAL,HOU,01/23/2021,L,1
DET,PHI,01/23/2021,L,1
PHI,DET,01/23/2021,W,0
GSW,UTA,01/23/2021,L,0
UTA,GSW,01/23/2021,W,1
DEN,PHX,01/23/2021,W,0
NOP,MIN,01/23/2021,L,0
ORL,IND,01/22/2021,L,0
IND,ORL,01/22/2021,W,1
CLE,BKN,01/22/2021,W,1
BKN,CLE,01/22/2021,L,0
CHA,CHI,01/22/2021,L,1
CHI,CHA,01/22/2021,W,0
DET,HOU,01/22/2021,L,1
HOU,DET,01/22/2021,W,0
LAC,OKC,01/22/2021,W,1
OKC,LAC,01/22/2021,L,0
ATL,MIN,01/22/2021,W,0
MIA,TOR,01/22/2021,L,0
TOR,MIA,01/22/2021,W,1
MIN,ATL,01/22/2021,L,1
SAS,DAL,01/22/2021,L,1
DAL,SAS,01/22/2021,W,0
BOS,PHI,01/22/2021,L,0
PHI,BOS,01/22/2021,W,1
DEN,PHX,01/22/2021,W,0
PHX,DEN,01/22/2021,L,1
NYK,SAC,01/22/2021,L,0
SAC,NYK,01/22/2021,W,1
NYK,GSW,01/21/2021,W,0
GSW,NYK,01/21/2021,L,1
MIL,LAL,01/21/2021,L,1
LAL,MIL,01/21/2021,W,0
NOP,UTA,01/21/2021,L,0
UTA,NOP,01/21/2021,W,1
ATL,DET,01/20/2021,W,1
MIA,TOR,01/20/2021,W,0
TOR,MIA,01/20/2021,L,1
PHX,HOU,01/20/2021,W,0
MIN,ORL,01/20/2021,L,1
ORL,MIN,01/20/2021,W,0
PHI,BOS,01/20/2021,W,1
SAC,LAC,01/20/2021,L,0
DAL,IND,01/20/2021,W,0
IND,DAL,01/20/2021,L,1
SAS,GSW,01/20/2021,L,0
GSW,SAS,01/20/2021,W,1
BKN,CLE,01/20/2021,L,0
CLE,BKN,01/20/2021,W,1
HOU,PHX,01/20/2021,L,1
BOS,PHI,01/20/2021,L,0
LAC,SAC,01/20/2021,W,1
DET,ATL,01/20/2021,L,0
NOP,UTA,01/19/2021,L,0
UTA,NOP,01/19/2021,W,1
OKC,DEN,01/19/2021,L,0
DEN,OKC,01/19/2021,W,1
ATL,MIN,01/18/2021,W,1
BKN,MIL,01/18/2021,W,1
MIL,BKN,01/18/2021,L,0
POR,SAS,01/18/2021,L,1
DET,MIA,01/18/2021,L,0
MIN,ATL,01/18/2021,L,0
TOR,DAL,01/18/2021,W,1
MIA,DET,01/18/2021,W,1
HOU,CHI,01/18/2021,L,0
DAL,TOR,01/18/2021,L,0
PHX,MEM,01/18/2021,L,0
MEM,PHX,01/18/2021,W,1
CHI,HOU,01/18/2021,W,1
SAS,POR,01/18/2021,W,0
GSW,LAL,01/18/2021,W,0
LAL,GSW,01/18/2021,L,1
NYK,ORL,01/18/2021,W,1
ORL,NYK,01/18/2021,L,0
BOS,NYK,01/17/2021,L,1
NYK,BOS,01/17/2021,W,0
LAC,IND,01/17/2021,W,1
CHI,DAL,01/17/2021,W,0
DAL,CHI,01/17/2021,L,1
DEN,UTA,01/17/2021,L,1
UTA,DEN,01/17/2021,W,0
NOP,SAC,01/17/2021,W,0
SAC,NOP,01/17/2021,L,1
IND,LAC,01/17/2021,L,0
POR,ATL,01/16/2021,W,1
ATL,POR,01/16/2021,L,0
ORL,BKN,01/16/2021,L,0
BKN,ORL,01/16/2021,W,1
PHI,MEM,01/16/2021,L,0
MEM,PHI,01/16/2021,W,1
DET,MIA,01/16/2021,W,0
TOR,CHA,01/16/2021,W,1
MIA,DET,01/16/2021,L,1
CHA,TOR,01/16/2021,L,0
HOU,SAS,01/16/2021,L,0
SAS,HOU,01/16/2021,W,1
ATL,UTA,01/15/2021,L,0
OKC,CHI,01/15/2021,W,1
CHI,OKC,01/15/2021,L,0
CLE,NYK,01/15/2021,W,1
NYK,CLE,01/15/2021,L,0
NOP,LAL,01/15/2021,L,0
LAL,NOP,01/15/2021,W,1
LAC,SAC,01/15/2021,W,0
SAC,LAC,01/15/2021,L,1
UTA,ATL,01/15/2021,W,1
MIL,DAL,01/15/2021,W,1
DAL,MIL,01/15/2021,L,0
ORL,BOS,01/15/2021,L,0
BOS,ORL,01/15/2021,W,1
GSW,DEN,01/14/2021,L,0
SAS,HOU,01/14/2021,L,1
DEN,GSW,01/14/2021,W,1
CHA,TOR,01/14/2021,L,0
TOR,CHA,01/14/2021,W,1
HOU,SAS,01/14/2021,W,0
MIA,PHI,01/14/2021,L,0
POR,IND,01/14/2021,L,1
PHI,MIA,01/14/2021,W,1
IND,POR,01/14/2021,W,0
NYK,BKN,01/13/2021,L,1
BKN,NYK,01/13/2021,W,0
SAC,POR,01/13/2021,L,1
POR,SAC,01/13/2021,W,0
DAL,CHA,01/13/2021,W,0
MIN,MEM,01/13/2021,L,1
CHA,DAL,01/13/2021,L,1
MEM,MIN,01/13/2021,W,0
NOP,LAC,01/13/2021,L,0
LAC,NOP,01/13/2021,W,1
LAL,OKC,01/13/2021,W,0
OKC,LAL,01/13/2021,L,1
DET,MIL,01/13/2021,L,1
MIL,DET,01/13/2021,W,0
MIA,PHI,01/12/2021,L,0
PHI,MIA,01/12/2021,W,1
LAL,HOU,01/12/2021,W,0
DEN,BKN,01/12/2021,L,0
GSW,IND,01/12/2021,L,1
IND,GSW,01/12/2021,W,0
BKN,DEN,01/12/2021,W,1
SAS,OKC,01/12/2021,W,0
UTA,CLE,01/12/2021,W,0
CLE,UTA,01/12/2021,L,1
OKC,SAS,01/12/2021,L,1
HOU,LAL,01/12/2021,L,1
IND,SAC,01/11/2021,L,0
SAC,IND,01/11/2021,W,1
MIL,ORL,01/11/2021,W,0
MEM,CLE,01/11/2021,W,0
TOR,POR,01/11/2021,L,0
CLE,MEM,01/11/2021,L,1
ORL,MIL,01/11/2021,L,1
NYK,CHA,01/11/2021,L,0
PHX,WAS,01/11/2021,L,0
ATL,PHI,01/11/2021,W,1
PHI,ATL,01/11/2021,L,0
WAS,PHX,01/11/2021,W,1
CHA,NYK,01/11/2021,W,1
POR,TOR,01/11/2021,W,1
GSW,TOR,01/10/2021,W,1
LAC,CHI,01/10/2021,W,1
CHI,LAC,01/10/2021,L,0
TOR,GSW,01/10/2021,L,0
NYK,DEN,01/10/2021,L,1
DEN,NYK,01/10/2021,W,0
DET,UTA,01/10/2021,L,1
UTA,DET,01/10/2021,W,0
SAS,MIN,01/10/2021,L,0
MIN,SAS,01/10/2021,W,1
LAL,HOU,01/10/2021,W,0
OKC,BKN,01/10/2021,W,0
HOU,LAL,01/10/2021,L,1
BKN,OKC,01/10/2021,L,1
MIA,WAS,01/09/2021,W,0
PHX,IND,01/09/2021,W,0
POR,SAC,01/09/2021,W,0
SAC,POR,01/09/2021,L,1
ORL,DAL,01/09/2021,L,0
DAL,ORL,01/09/2021,W,1
PHI,DEN,01/09/2021,L,1
IND,PHX,01/09/2021,L,1
CLE,MIL,01/09/2021,L,0
MIL,CLE,01/09/2021,W,1
DEN,PHI,01/09/2021,W,0
MIN,SAS,01/09/2021,L,1
SAS,MIN,01/09/2021,W,0
ATL,CHA,01/09/2021,L,0
CHA,ATL,01/09/2021,W,1
WAS,MIA,01/09/2021,L,1
BOS,WAS,01/08/2021,W,1
WAS,BOS,01/08/2021,L,0
ORL,HOU,01/08/2021,L,0
NYK,OKC,01/08/2021,L,1
OKC,NYK,01/08/2021,W,0
TOR,SAC,01/08/2021,W,0
SAC,TOR,01/08/2021,L,1
PHX,DET,01/08/2021,L,0
DET,PHX,01/08/2021,W,1
MEM,BKN,01/08/2021,W,1
BKN,MEM,01/08/2021,L,0
LAC,GSW,01/08/2021,L,0
HOU,ORL,01/08/2021,W,1
LAL,CHI,01/08/2021,W,1
UTA,MIL,01/08/2021,W,0
CHI,LAL,01/08/2021,L,0
GSW,LAC,01/08/2021,W,1
CHA,NOP,01/08/2021,W,0
NOP,CHA,01/08/2021,L,1
MIL,UTA,01/08/2021,L,1
MEM,CLE,01/07/2021,L,1
CLE,MEM,01/07/2021,W,0
DEN,DAL,01/07/2021,L,1
DAL,DEN,01/07/2021,W,0
POR,MIN,01/07/2021,W,1
SAS,LAL,01/07/2021,W,0
LAL,SAS,01/07/2021,L,1
BKN,PHI,01/07/2021,W,1
PHI,BKN,01/07/2021,L,0
MIN,POR,01/07/2021,L,0
OKC,NOP,01/06/2021,W,0
NOP,OKC,01/06/2021,L,1
DET,MIL,01/06/2021,L,0
NYK,UTA,01/06/2021,W,1
SAC,CHI,01/06/2021,W,1
CHI,SAC,01/06/2021,L,0
PHI,WAS,01/06/2021,W,1
WAS,PHI,01/06/2021,L,0
TOR,PHX,01/06/2021,L,0
PHX,TOR,01/06/2021,W,1
MIL,DET,01/06/2021,W,1
ATL,CHA,01/06/2021,L,1
LAC,GSW,01/06/2021,W,0
GSW,LAC,01/06/2021,L,1
CHA,ATL,01/06/2021,W,0
IND,HOU,01/06/2021,W,1
ORL,CLE,01/06/2021,W,1
CLE,ORL,01/06/2021,L,0
UTA,NYK,01/06/2021,L,0
HOU,IND,01/06/2021,L,0
MIA,BOS,01/06/2021,L,1
BOS,MIA,01/06/2021,W,0
SAS,LAC,01/05/2021,W,0
LAC,SAS,01/05/2021,L,1
BKN,UTA,01/05/2021,W,1
UTA,BKN,01/05/2021,L,0
DEN,MIN,01/05/2021,W,1
POR,CHI,01/05/2021,L,1
CHI,POR,01/05/2021,W,0
MEM,LAL,01/05/2021,L,1
LAL,MEM,01/05/2021,W,0
MIN,DEN,01/05/2021,L,0
ATL,NYK,01/04/2021,L,1
MIA,OKC,01/04/2021,W,1
HOU,DAL,01/04/2021,L,1
NYK,ATL,01/04/2021,W,0
OKC,MIA,01/04/2021,L,0
PHI,CHA,01/04/2021,W,1
CHA,PHI,01/04/2021,L,0
CLE,ORL,01/04/2021,L,0
ORL,CLE,01/04/2021,W,1
GSW,SAC,01/04/2021,W,1
SAC,GSW,01/04/2021,L,0
DET,MIL,01/04/2021,L,0
MIL,DET,01/04/2021,W,1
TOR,BOS,01/04/2021,L,1
BOS,TOR,01/04/2021,W,0
NOP,IND,01/04/2021,L,1
IND,NOP,01/04/2021,W,0
DAL,HOU,01/04/2021,W,0
SAS,UTA,01/03/2021,L,1
UTA,SAS,01/03/2021,W,0
DET,BOS,01/03/2021,L,1
BOS,DET,01/03/2021,W,0
LAL,MEM,01/03/2021,W,0
DEN,MIN,01/03/2021,W,0
LAC,PHX,01/03/2021,W,0
POR,GSW,01/03/2021,L,0
GSW,POR,01/03/2021,W,1
MIN,DEN,01/03/2021,L,1
PHX,LAC,01/03/2021,L,1
DAL,CHI,01/03/2021,L,0
CHI,DAL,01/03/2021,W,1
WAS,BKN,01/03/2021,W,0
BKN,WAS,01/03/2021,L,1
MEM,LAL,01/03/2021,L,1
PHI,CHA,01/02/2021,W,1
CHA,PHI,01/02/2021,L,0
ORL,OKC,01/02/2021,L,1
NOP,TOR,01/02/2021,W,1
SAC,HOU,01/02/2021,L,0
HOU,SAC,01/02/2021,W,1
IND,NYK,01/02/2021,L,1
TOR,NOP,01/02/2021,L,0
NYK,IND,01/02/2021,W,0
ATL,CLE,01/02/2021,L,1
CLE,ATL,01/02/2021,W,0
OKC,ORL,01/02/2021,W,0
LAC,UTA,01/01/2021,L,0
UTA,LAC,01/01/2021,W,1
BKN,ATL,01/01/2021,L,1
ATL,BKN,01/01/2021,W,0
DET,BOS,01/01/2021,W,1
BOS,DET,01/01/2021,L,0
LAL,SAS,01/01/2021,W,0
SAS,LAL,01/01/2021,L,1
DAL,MIA,01/01/2021,W,1
MIA,DAL,01/01/2021,L,0
CHI,MIL,01/01/2021,L,0
POR,GSW,01/01/2021,W,0
GSW,POR,01/01/2021,L,1
WAS,MIN,01/01/2021,W,0
MIN,WAS,01/01/2021,L,1
MIL,CHI,01/01/2021,W,1
DEN,PHX,01/01/2021,L,1
PHX,DEN,01/01/2021,W,0
MEM,CHA,01/01/2021,W,0
CHA,MEM,01/01/2021,L,1
SAC,HOU,12/31/2020,L,0
IND,CLE,12/31/2020,W,1
CLE,IND,12/31/2020,L,0
ORL,PHI,12/31/2020,L,1
PHX,UTA,12/31/2020,W,0
UTA,PHX,12/31/2020,L,1
NOP,OKC,12/31/2020,W,0
OKC,NOP,12/31/2020,L,1
PHI,ORL,12/31/2020,W,0
HOU,SAC,12/31/2020,W,1
TOR,NYK,12/31/2020,W,1
NYK,TOR,12/31/2020,L,0
WAS,CHI,12/31/2020,L,1
CHI,WAS,12/31/2020,W,0
BOS,MEM,12/30/2020,W,1
MIL,MIA,12/30/2020,L,0
POR,LAC,12/30/2020,L,0
LAC,POR,12/30/2020,W,1
MEM,BOS,12/30/2020,L,0
MIA,MIL,12/30/2020,W,1
BKN,ATL,12/30/2020,W,1
ATL,BKN,12/30/2020,L,0
LAL,SAS,12/30/2020,W,0
SAS,LAL,12/30/2020,L,1
DAL,CHA,12/30/2020,L,1
CHA,DAL,12/30/2020,W,0
DET,GSW,12/29/2020,L,1
MIL,MIA,12/29/2020,W,0
MIA,MIL,12/29/2020,L,1
IND,BOS,12/29/2020,L,1
BOS,IND,12/29/2020,W,0
OKC,ORL,12/29/2020,L,1
ORL,OKC,12/29/2020,W,0
TOR,PHI,12/29/2020,L,0
MIN,LAC,12/29/2020,L,0
PHI,TOR,12/29/2020,W,1
DEN,SAC,12/29/2020,L,0
LAC,MIN,12/29/2020,W,1
SAC,DEN,12/29/2020,W,1
PHX,NOP,12/29/2020,W,1
NOP,PHX,12/29/2020,L,0
WAS,CHI,12/29/2020,L,1
CLE,NYK,12/29/2020,L,1
NYK,CLE,12/29/2020,W,0
CHI,WAS,12/29/2020,W,0
GSW,DET,12/29/2020,W,0
DEN,HOU,12/28/2020,W,1
HOU,DEN,12/28/2020,L,0
LAL,POR,12/28/2020,L,1
UTA,OKC,12/28/2020,W,0
OKC,UTA,12/28/2020,L,1
POR,LAL,12/28/2020,W,0
MEM,BKN,12/28/2020,W,0
BKN,MEM,12/28/2020,L,1
ATL,DET,12/28/2020,W,1
DET,ATL,12/28/2020,L,0
ORL,WAS,12/27/2020,W,0
DAL,LAC,12/27/2020,W,0
LAC,DAL,12/27/2020,L,1
NYK,MIL,12/27/2020,W,1
MIN,LAL,12/27/2020,L,0
MIL,NYK,12/27/2020,L,0
BOS,IND,12/27/2020,L,0
IND,BOS,12/27/2020,W,1
LAL,MIN,12/27/2020,W,1
WAS,ORL,12/27/2020,L,1
CHA,BKN,12/27/2020,W,1
NOP,SAS,12/27/2020,W,1
GSW,CHI,12/27/2020,W,0
CHI,GSW,12/27/2020,L,1
PHI,CLE,12/27/2020,L,0
CLE,PHI,12/27/2020,W,1
BKN,CHA,12/27/2020,L,0
SAS,NOP,12/27/2020,L,0
SAC,PHX,12/27/2020,L,1
PHX,SAC,12/27/2020,W,0
CHI,IND,12/26/2020,L,1
CHA,OKC,12/26/2020,L,1
OKC,CHA,12/26/2020,W,0
ATL,MEM,12/26/2020,W,0
MEM,ATL,12/26/2020,L,1
POR,HOU,12/26/2020,W,1
SAC,PHX,12/26/2020,W,1
HOU,POR,12/26/2020,L,0
UTA,MIN,12/26/2020,L,1
MIN,UTA,12/26/2020,W,0
PHX,SAC,12/26/2020,L,0
DET,CLE,12/26/2020,L,1
CLE,DET,12/26/2020,W,0
WAS,ORL,12/26/2020,L,1
PHI,NYK,12/26/2020,W,0
NYK,PHI,12/26/2020,L,1
TOR,SAS,12/26/2020,L,0
SAS,TOR,12/26/2020,W,1
ORL,WAS,12/26/2020,W,0
IND,CHI,12/26/2020,W,0
GSW,MIL,12/25/2020,L,0
MIL,GSW,12/25/2020,W,1
BOS,BKN,12/25/2020,L,1
BKN,BOS,12/25/2020,W,0
MIA,NOP,12/25/2020,W,1
NOP,MIA,12/25/2020,L,0
LAC,DEN,12/25/2020,W,0
DEN,LAC,12/25/2020,L,1
DAL,LAL,12/25/2020,L,0
LAL,DAL,12/25/2020,W,1
TOR,NOP,12/23/2020,L,1
PHX,DAL,12/23/2020,W,1
DAL,PHX,12/23/2020,L,0
PHI,WAS,12/23/2020,W,1
CHI,ATL,12/23/2020,L,1
ATL,CHI,12/23/2020,W,0
NOP,TOR,12/23/2020,W,0
CLE,CHA,12/23/2020,W,1
CHA,CLE,12/23/2020,L,0
IND,NYK,12/23/2020,W,1
MEM,SAS,12/23/2020,L,1
SAS,MEM,12/23/2020,W,0
DET,MIN,12/23/2020,L,0
MIN,DET,12/23/2020,W,1
MIL,BOS,12/23/2020,L,0
BOS,MIL,12/23/2020,W,1
SAC,DEN,12/23/2020,W,0
DEN,SAC,12/23/2020,L,1
ORL,MIA,12/23/2020,W,1
MIA,ORL,12/23/2020,L,0
POR,UTA,12/23/2020,L,1
UTA,POR,12/23/2020,W,0
NYK,IND,12/23/2020,L,0
WAS,PHI,12/23/2020,L,0
LAC,LAL,12/22/2020,W,0
LAL,LAC,12/22/2020,L,1
BKN,GSW,12/22/2020,W,1
GSW,BKN,12/22/2020,L,0
