FirstTeam,SecondTeam,Date,W/L
DEN,SAC,04/09/2023,W
DAL,SAS,04/09/2023,L
SAS,DAL,04/09/2023,W
OKC,MEM,04/09/2023,W
MEM,OKC,04/09/2023,L
SAC,DEN,04/09/2023,L
DET,CHI,04/09/2023,L
CHI,DET,04/09/2023,W
UTA,LAL,04/09/2023,L
LAL,UTA,04/09/2023,W
LAC,PHX,04/09/2023,W
PHX,LAC,04/09/2023,L
POR,GSW,04/09/2023,L
GSW,POR,04/09/2023,W
ATL,BOS,04/09/2023,L
BOS,ATL,04/09/2023,W
ORL,MIA,04/09/2023,L
MIA,ORL,04/09/2023,W
CHA,CLE,04/09/2023,W
IND,NYK,04/09/2023,W
NYK,IND,04/09/2023,L
CLE,CHA,04/09/2023,L
WAS,HOU,04/09/2023,L
HOU,WAS,04/09/2023,W
PHI,BKN,04/09/2023,W
BKN,PHI,04/09/2023,L
NOP,MIN,04/09/2023,L
MIN,NOP,04/09/2023,W
MIL,TOR,04/09/2023,L
TOR,MIL,04/09/2023,W
LAC,POR,04/08/2023,W
POR,LAC,04/08/2023,L
MIN,SAS,04/08/2023,W
SAS,MIN,04/08/2023,L
DEN,UTA,04/08/2023,L
UTA,DEN,04/08/2023,W
CHA,HOU,04/07/2023,L
HOU,CHA,04/07/2023,W
DET,IND,04/07/2023,W
IND,DET,04/07/2023,L
WAS,MIA,04/07/2023,W
MIA,WAS,04/07/2023,L
BOS,TOR,04/07/2023,W
TOR,BOS,04/07/2023,L
MIL,MEM,04/07/2023,L
BKN,ORL,04/07/2023,W
PHX,LAL,04/07/2023,L
LAL,PHX,04/07/2023,W
GSW,SAC,04/07/2023,W
SAC,GSW,04/07/2023,L
PHI,ATL,04/07/2023,W
ATL,PHI,04/07/2023,L
CHI,DAL,04/07/2023,W
DAL,CHI,04/07/2023,L
NYK,NOP,04/07/2023,L
NOP,NYK,04/07/2023,W
MEM,MIL,04/07/2023,W
ORL,BKN,04/07/2023,L
PHX,DEN,04/06/2023,W
DEN,PHX,04/06/2023,L
POR,SAS,04/06/2023,L
SAS,POR,04/06/2023,W
PHI,MIA,04/06/2023,L
CLE,ORL,04/06/2023,W
ORL,CLE,04/06/2023,L
MIA,PHI,04/06/2023,W
OKC,UTA,04/06/2023,W
UTA,OKC,04/06/2023,L
TOR,BOS,04/05/2023,L
BKN,DET,04/05/2023,W
DET,BKN,04/05/2023,L
IND,NYK,04/05/2023,L
NYK,IND,04/05/2023,W
BOS,TOR,04/05/2023,W
WAS,ATL,04/05/2023,L
ATL,WAS,04/05/2023,W
MIL,CHI,04/05/2023,W
CHI,MIL,04/05/2023,L
MEM,NOP,04/05/2023,L
NOP,MEM,04/05/2023,W
DAL,SAC,04/05/2023,W
SAC,DAL,04/05/2023,L
LAL,LAC,04/05/2023,L
LAC,LAL,04/05/2023,W
DET,MIA,04/04/2023,L
MIA,DET,04/04/2023,W
ORL,CLE,04/04/2023,L
CLE,ORL,04/04/2023,W
WAS,MIL,04/04/2023,L
MIL,WAS,04/04/2023,W
MIN,BKN,04/04/2023,W
BKN,MIN,04/04/2023,L
DEN,HOU,04/04/2023,L
HOU,DEN,04/04/2023,W
BOS,PHI,04/04/2023,L
PHI,BOS,04/04/2023,W
MEM,POR,04/04/2023,W
POR,MEM,04/04/2023,L
OKC,GSW,04/04/2023,L
NOP,SAC,04/04/2023,L
ATL,CHI,04/04/2023,W
CHI,ATL,04/04/2023,L
UTA,LAL,04/04/2023,L
LAL,UTA,04/04/2023,W
PHX,SAS,04/04/2023,W
SAS,PHX,04/04/2023,L
TOR,CHA,04/04/2023,W
CHA,TOR,04/04/2023,L
GSW,OKC,04/04/2023,W
SAC,NOP,04/04/2023,W
PHX,OKC,04/02/2023,W
OKC,PHX,04/02/2023,L
CHA,TOR,04/02/2023,L
PHI,MIL,04/02/2023,L
MIL,PHI,04/02/2023,W
IND,CLE,04/02/2023,L
CLE,IND,04/02/2023,W
DEN,GSW,04/02/2023,W
GSW,DEN,04/02/2023,L
TOR,CHA,04/02/2023,W
NYK,WAS,04/02/2023,W
MIN,POR,04/02/2023,L
POR,MIN,04/02/2023,W
WAS,NYK,04/02/2023,L
LAL,HOU,04/02/2023,W
DAL,ATL,04/02/2023,L
HOU,LAL,04/02/2023,L
CHI,MEM,04/02/2023,W
ATL,DAL,04/02/2023,W
ORL,DET,04/02/2023,W
DET,ORL,04/02/2023,L
MEM,CHI,04/02/2023,L
BKN,UTA,04/02/2023,W
UTA,BKN,04/02/2023,L
SAC,SAS,04/02/2023,L
SAS,SAC,04/02/2023,W
LAC,NOP,04/01/2023,L
NOP,LAC,04/01/2023,W
MIA,DAL,04/01/2023,W
DAL,MIA,04/01/2023,L
WAS,ORL,03/31/2023,L
PHI,TOR,03/31/2023,W
IND,OKC,03/31/2023,W
OKC,IND,03/31/2023,L
UTA,BOS,03/31/2023,L
BOS,UTA,03/31/2023,W
BKN,ATL,03/31/2023,W
ATL,BKN,03/31/2023,L
CLE,NYK,03/31/2023,L
NYK,CLE,03/31/2023,W
CHA,CHI,03/31/2023,L
CHI,CHA,03/31/2023,W
ORL,WAS,03/31/2023,W
MEM,LAC,03/31/2023,W
LAC,MEM,03/31/2023,L
DET,HOU,03/31/2023,L
HOU,DET,03/31/2023,W
LAL,MIN,03/31/2023,W
MIN,LAL,03/31/2023,L
POR,SAC,03/31/2023,L
SAC,POR,03/31/2023,W
SAS,GSW,03/31/2023,L
GSW,SAS,03/31/2023,W
DEN,PHX,03/31/2023,L
PHX,DEN,03/31/2023,W
TOR,PHI,03/31/2023,L
NOP,DEN,03/30/2023,W
DEN,NOP,03/30/2023,L
BOS,MIL,03/30/2023,W
MIL,BOS,03/30/2023,L
UTA,SAS,03/29/2023,W
SAS,UTA,03/29/2023,L
MIL,IND,03/29/2023,W
IND,MIL,03/29/2023,L
MEM,LAC,03/29/2023,L
PHI,DAL,03/29/2023,W
BKN,HOU,03/29/2023,W
HOU,BKN,03/29/2023,L
LAC,MEM,03/29/2023,W
DET,OKC,03/29/2023,L
OKC,DET,03/29/2023,W
DAL,PHI,03/29/2023,L
PHX,MIN,03/29/2023,W
CHI,LAL,03/29/2023,L
SAC,POR,03/29/2023,W
POR,SAC,03/29/2023,L
MIN,PHX,03/29/2023,L
LAL,CHI,03/29/2023,W
NYK,MIA,03/29/2023,W
MIA,NYK,03/29/2023,L
NOP,GSW,03/28/2023,L
GSW,NOP,03/28/2023,W
OKC,CHA,03/28/2023,L
CHA,OKC,03/28/2023,W
ORL,MEM,03/28/2023,L
MEM,ORL,03/28/2023,W
WAS,BOS,03/28/2023,W
BOS,WAS,03/28/2023,L
ATL,CLE,03/28/2023,W
CLE,ATL,03/28/2023,L
MIA,TOR,03/28/2023,L
TOR,MIA,03/28/2023,W
SAC,MIN,03/27/2023,L
LAC,CHI,03/27/2023,W
CHI,LAC,03/27/2023,L
MIN,SAC,03/27/2023,W
POR,NOP,03/27/2023,L
NOP,POR,03/27/2023,W
PHI,DEN,03/27/2023,L
DEN,PHI,03/27/2023,W
UTA,PHX,03/27/2023,L
PHX,UTA,03/27/2023,W
HOU,NYK,03/27/2023,L
NYK,HOU,03/27/2023,W
MIL,DET,03/27/2023,W
DET,MIL,03/27/2023,L
IND,DAL,03/27/2023,L
DAL,IND,03/27/2023,W
POR,OKC,03/26/2023,L
CLE,HOU,03/26/2023,W
HOU,CLE,03/26/2023,L
CHI,LAL,03/26/2023,W
MEM,ATL,03/26/2023,W
BKN,ORL,03/26/2023,L
ATL,MEM,03/26/2023,L
LAL,CHI,03/26/2023,L
OKC,POR,03/26/2023,W
BOS,SAS,03/26/2023,W
SAS,BOS,03/26/2023,L
TOR,WAS,03/26/2023,W
WAS,TOR,03/26/2023,L
ORL,BKN,03/26/2023,W
MIN,GSW,03/26/2023,W
GSW,MIN,03/26/2023,L
DAL,CHA,03/26/2023,L
CHA,DAL,03/26/2023,W
BKN,MIA,03/25/2023,W
ATL,IND,03/25/2023,W
IND,ATL,03/25/2023,L
DEN,MIL,03/25/2023,W
MIL,DEN,03/25/2023,L
UTA,SAC,03/25/2023,L
SAC,UTA,03/25/2023,W
PHX,PHI,03/25/2023,W
PHI,PHX,03/25/2023,L
LAC,NOP,03/25/2023,L
NOP,LAC,03/25/2023,W
MIA,BKN,03/25/2023,L
LAL,OKC,03/24/2023,W
OKC,LAL,03/24/2023,L
DAL,CHA,03/24/2023,L
PHX,SAC,03/24/2023,L
CHA,DAL,03/24/2023,W
CHI,POR,03/24/2023,W
SAC,PHX,03/24/2023,W
POR,CHI,03/24/2023,L
HOU,MEM,03/24/2023,L
MEM,HOU,03/24/2023,W
TOR,DET,03/24/2023,W
DET,TOR,03/24/2023,L
IND,BOS,03/24/2023,L
BOS,IND,03/24/2023,W
WAS,SAS,03/24/2023,W
SAS,WAS,03/24/2023,L
UTA,MIL,03/24/2023,L
MIL,UTA,03/24/2023,W
PHI,GSW,03/24/2023,L
GSW,PHI,03/24/2023,W
NYK,ORL,03/23/2023,L
OKC,LAC,03/23/2023,L
LAC,OKC,03/23/2023,W
BKN,CLE,03/23/2023,L
CLE,BKN,03/23/2023,W
ORL,NYK,03/23/2023,W
NOP,CHA,03/23/2023,W
CHA,NOP,03/23/2023,L
DAL,GSW,03/22/2023,L
NYK,MIA,03/22/2023,L
MIA,NYK,03/22/2023,W
IND,TOR,03/22/2023,W
TOR,IND,03/22/2023,L
UTA,POR,03/22/2023,L
PHI,CHI,03/22/2023,W
CHI,PHI,03/22/2023,L
PHX,LAL,03/22/2023,L
MEM,HOU,03/22/2023,W
HOU,MEM,03/22/2023,L
LAL,PHX,03/22/2023,W
MIN,ATL,03/22/2023,W
POR,UTA,03/22/2023,W
GSW,DAL,03/22/2023,W
ATL,MIN,03/22/2023,L
SAS,MIL,03/22/2023,L
MIL,SAS,03/22/2023,W
WAS,DEN,03/22/2023,L
DEN,WAS,03/22/2023,W
ORL,WAS,03/21/2023,W
OKC,LAC,03/21/2023,W
LAC,OKC,03/21/2023,L
BOS,SAC,03/21/2023,W
SAC,BOS,03/21/2023,L
ATL,DET,03/21/2023,W
DET,ATL,03/21/2023,L
SAS,NOP,03/21/2023,L
NOP,SAS,03/21/2023,W
WAS,ORL,03/21/2023,L
CLE,BKN,03/21/2023,W
BKN,CLE,03/21/2023,L
SAC,UTA,03/20/2023,L
UTA,SAC,03/20/2023,W
NYK,MIN,03/20/2023,L
CHA,IND,03/20/2023,W
IND,CHA,03/20/2023,L
CHI,PHI,03/20/2023,W
PHI,CHI,03/20/2023,L
MEM,DAL,03/20/2023,W
MIN,NYK,03/20/2023,W
GSW,HOU,03/20/2023,W
DAL,MEM,03/20/2023,L
HOU,GSW,03/20/2023,L
PHX,OKC,03/19/2023,L
LAL,ORL,03/19/2023,W
ORL,LAL,03/19/2023,L
DEN,BKN,03/19/2023,W
BKN,DEN,03/19/2023,L
MIL,TOR,03/19/2023,W
LAC,POR,03/19/2023,W
POR,LAC,03/19/2023,L
TOR,MIL,03/19/2023,L
HOU,NOP,03/19/2023,L
NOP,HOU,03/19/2023,W
OKC,PHX,03/19/2023,W
ATL,SAS,03/19/2023,L
MIA,DET,03/19/2023,W
SAS,ATL,03/19/2023,W
DET,MIA,03/19/2023,L
CHI,MIA,03/18/2023,W
MEM,GSW,03/18/2023,W
LAC,ORL,03/18/2023,L
GSW,MEM,03/18/2023,L
MIN,TOR,03/18/2023,L
IND,PHI,03/18/2023,L
MIA,CHI,03/18/2023,L
TOR,MIN,03/18/2023,W
PHI,IND,03/18/2023,W
SAC,WAS,03/18/2023,W
NYK,DEN,03/18/2023,W
DEN,NYK,03/18/2023,L
WAS,SAC,03/18/2023,L
BOS,UTA,03/18/2023,L
ORL,LAC,03/18/2023,W
UTA,BOS,03/18/2023,W
ATL,GSW,03/17/2023,W
HOU,NOP,03/17/2023,W
LAL,DAL,03/17/2023,L
DAL,LAL,03/17/2023,W
BOS,POR,03/17/2023,W
POR,BOS,03/17/2023,L
MIN,CHI,03/17/2023,L
CHI,MIN,03/17/2023,W
SAS,MEM,03/17/2023,L
MEM,SAS,03/17/2023,W
GSW,ATL,03/17/2023,L
NOP,HOU,03/17/2023,L
CLE,WAS,03/17/2023,W
WAS,CLE,03/17/2023,L
CHA,PHI,03/17/2023,L
PHI,CHA,03/17/2023,W
SAC,BKN,03/16/2023,W
IND,MIL,03/16/2023,W
BKN,SAC,03/16/2023,L
DET,DEN,03/16/2023,L
OKC,TOR,03/16/2023,L
DEN,DET,03/16/2023,W
MIL,IND,03/16/2023,L
TOR,OKC,03/16/2023,W
ORL,PHX,03/16/2023,L
PHX,ORL,03/16/2023,W
DAL,SAS,03/15/2023,W
SAC,CHI,03/15/2023,W
SAS,DAL,03/15/2023,L
CHI,SAC,03/15/2023,L
HOU,LAL,03/15/2023,W
MIA,MEM,03/15/2023,W
LAL,HOU,03/15/2023,L
GSW,LAC,03/15/2023,L
MEM,MIA,03/15/2023,L
BOS,MIN,03/15/2023,W
MIN,BOS,03/15/2023,L
CLE,PHI,03/15/2023,L
PHI,CLE,03/15/2023,W
LAC,GSW,03/15/2023,W
NYK,POR,03/14/2023,W
TOR,DEN,03/14/2023,W
DEN,TOR,03/14/2023,L
POR,NYK,03/14/2023,L
CHA,CLE,03/14/2023,L
PHX,MIL,03/14/2023,L
ORL,SAS,03/14/2023,L
SAS,ORL,03/14/2023,W
NOP,LAL,03/14/2023,L
LAL,NOP,03/14/2023,W
CLE,CHA,03/14/2023,W
BKN,OKC,03/14/2023,L
DET,WAS,03/14/2023,L
WAS,DET,03/14/2023,W
MIL,PHX,03/14/2023,W
OKC,BKN,03/14/2023,W
PHX,GSW,03/13/2023,L
GSW,PHX,03/13/2023,W
SAC,MIL,03/13/2023,L
MIL,SAC,03/13/2023,W
UTA,MIA,03/13/2023,L
MIA,UTA,03/13/2023,W
HOU,BOS,03/13/2023,W
BOS,HOU,03/13/2023,L
MEM,DAL,03/13/2023,W
ATL,MIN,03/13/2023,L
DAL,MEM,03/13/2023,L
DET,IND,03/13/2023,W
IND,DET,03/13/2023,L
MIN,ATL,03/13/2023,W
NYK,LAL,03/12/2023,W
PHI,WAS,03/12/2023,W
WAS,PHI,03/12/2023,L
OKC,SAS,03/12/2023,W
SAS,OKC,03/12/2023,L
LAL,NYK,03/12/2023,L
DEN,BKN,03/12/2023,L
BKN,DEN,03/12/2023,W
NOP,POR,03/12/2023,W
POR,NOP,03/12/2023,L
CHA,CLE,03/12/2023,L
CLE,CHA,03/12/2023,W
MIL,GSW,03/11/2023,L
GSW,MIL,03/11/2023,W
DET,IND,03/11/2023,L
IND,DET,03/11/2023,W
DAL,MEM,03/11/2023,L
CHA,UTA,03/11/2023,L
LAC,NYK,03/11/2023,W
NYK,LAC,03/11/2023,L
PHX,SAC,03/11/2023,L
BOS,ATL,03/11/2023,W
HOU,CHI,03/11/2023,L
CHI,HOU,03/11/2023,W
SAC,PHX,03/11/2023,W
UTA,CHA,03/11/2023,W
MIA,ORL,03/11/2023,L
ORL,MIA,03/11/2023,W
MEM,DAL,03/11/2023,W
OKC,NOP,03/11/2023,W
ATL,BOS,03/11/2023,L
NOP,OKC,03/11/2023,L
PHI,POR,03/10/2023,W
BKN,MIN,03/10/2023,W
POR,PHI,03/10/2023,L
ATL,WAS,03/10/2023,W
WAS,ATL,03/10/2023,L
SAS,DEN,03/10/2023,W
MIN,BKN,03/10/2023,L
LAL,TOR,03/10/2023,W
TOR,LAL,03/10/2023,L
MIA,CLE,03/10/2023,W
CLE,MIA,03/10/2023,L
DEN,SAS,03/10/2023,L
UTA,ORL,03/09/2023,W
NYK,SAC,03/09/2023,L
HOU,IND,03/09/2023,L
SAC,NYK,03/09/2023,W
IND,HOU,03/09/2023,W
MEM,GSW,03/09/2023,W
ORL,UTA,03/09/2023,L
GSW,MEM,03/09/2023,L
MIL,BKN,03/09/2023,W
BKN,MIL,03/09/2023,L
DET,CHA,03/09/2023,L
CHA,DET,03/09/2023,W
TOR,LAC,03/08/2023,L
LAC,TOR,03/08/2023,W
BOS,POR,03/08/2023,W
CHI,DEN,03/08/2023,W
POR,BOS,03/08/2023,L
OKC,PHX,03/08/2023,L
PHX,OKC,03/08/2023,W
ATL,WAS,03/08/2023,W
WAS,ATL,03/08/2023,L
CLE,MIA,03/08/2023,W
MIA,CLE,03/08/2023,L
NOP,DAL,03/08/2023,W
DAL,NOP,03/08/2023,L
DEN,CHI,03/08/2023,L
MIL,ORL,03/07/2023,W
BKN,HOU,03/07/2023,W
ORL,MIL,03/07/2023,L
MIN,PHI,03/07/2023,L
HOU,BKN,03/07/2023,L
OKC,GSW,03/07/2023,W
GSW,OKC,03/07/2023,L
PHI,MIN,03/07/2023,W
NYK,CHA,03/07/2023,L
DAL,UTA,03/07/2023,W
UTA,DAL,03/07/2023,L
DET,WAS,03/07/2023,L
WAS,DET,03/07/2023,W
LAL,MEM,03/07/2023,W
MEM,LAL,03/07/2023,L
CHA,NYK,03/07/2023,W
CLE,BOS,03/06/2023,W
BOS,CLE,03/06/2023,L
PHI,IND,03/06/2023,W
IND,PHI,03/06/2023,L
POR,DET,03/06/2023,W
DET,POR,03/06/2023,L
DEN,TOR,03/06/2023,W
SAC,NOP,03/06/2023,W
NOP,SAC,03/06/2023,L
TOR,DEN,03/06/2023,L
ATL,MIA,03/06/2023,L
MIA,ATL,03/06/2023,W
NYK,BOS,03/05/2023,W
SAS,HOU,03/05/2023,L
HOU,SAS,03/05/2023,W
WAS,MIL,03/05/2023,L
MIL,WAS,03/05/2023,W
OKC,UTA,03/05/2023,W
GSW,LAL,03/05/2023,L
LAL,GSW,03/05/2023,W
MEM,LAC,03/05/2023,L
PHX,DAL,03/05/2023,W
DAL,PHX,03/05/2023,L
IND,CHI,03/05/2023,W
POR,ORL,03/05/2023,W
ORL,POR,03/05/2023,L
UTA,OKC,03/05/2023,L
CHA,BKN,03/05/2023,L
CHI,IND,03/05/2023,L
BKN,CHA,03/05/2023,W
LAC,MEM,03/05/2023,W
BOS,NYK,03/05/2023,L
WAS,TOR,03/04/2023,L
TOR,WAS,03/04/2023,W
SAS,HOU,03/04/2023,L
HOU,SAS,03/04/2023,W
DET,CLE,03/04/2023,L
CLE,DET,03/04/2023,W
ATL,MIA,03/04/2023,L
MIA,ATL,03/04/2023,W
MIL,PHI,03/04/2023,L
PHI,MIL,03/04/2023,W
SAC,MIN,03/04/2023,L
MIN,SAC,03/04/2023,W
DEN,MEM,03/03/2023,W
ATL,POR,03/03/2023,W
POR,ATL,03/03/2023,L
BKN,BOS,03/03/2023,W
ORL,CHA,03/03/2023,W
BOS,BKN,03/03/2023,L
CHA,ORL,03/03/2023,L
MEM,DEN,03/03/2023,L
OKC,UTA,03/03/2023,W
GSW,NOP,03/03/2023,W
MIN,LAL,03/03/2023,W
NYK,MIA,03/03/2023,W
MIA,NYK,03/03/2023,L
LAL,MIN,03/03/2023,L
CHI,PHX,03/03/2023,L
UTA,OKC,03/03/2023,L
PHX,CHI,03/03/2023,W
NOP,GSW,03/03/2023,L
LAC,SAC,03/03/2023,L
SAC,LAC,03/03/2023,W
WAS,TOR,03/02/2023,W
TOR,WAS,03/02/2023,L
DAL,PHI,03/02/2023,W
PHI,DAL,03/02/2023,L
LAC,GSW,03/02/2023,L
GSW,LAC,03/02/2023,W
SAS,IND,03/02/2023,W
IND,SAS,03/02/2023,L
CHI,DET,03/01/2023,W
DET,CHI,03/01/2023,L
CLE,BOS,03/01/2023,L
CHA,PHX,03/01/2023,L
PHX,CHA,03/01/2023,W
BKN,NYK,03/01/2023,L
MEM,HOU,03/01/2023,W
HOU,MEM,03/01/2023,L
ORL,MIL,03/01/2023,L
MIL,ORL,03/01/2023,W
NYK,BKN,03/01/2023,W
PHI,MIA,03/01/2023,W
MIA,PHI,03/01/2023,L
NOP,POR,03/01/2023,W
POR,NOP,03/01/2023,L
LAL,OKC,03/01/2023,W
OKC,LAL,03/01/2023,L
BOS,CLE,03/01/2023,W
TOR,CHI,02/28/2023,W
CHI,TOR,02/28/2023,L
DEN,HOU,02/28/2023,W
HOU,DEN,02/28/2023,L
OKC,SAC,02/28/2023,L
POR,GSW,02/28/2023,L
LAC,MIN,02/28/2023,L
MIN,LAC,02/28/2023,W
WAS,ATL,02/28/2023,W
ATL,WAS,02/28/2023,L
BKN,MIL,02/28/2023,L
MIL,BKN,02/28/2023,W
DAL,IND,02/28/2023,L
IND,DAL,02/28/2023,W
GSW,POR,02/28/2023,W
MEM,LAL,02/28/2023,W
SAS,UTA,02/28/2023,W
LAL,MEM,02/28/2023,L
UTA,SAS,02/28/2023,L
SAC,OKC,02/28/2023,W
NYK,BOS,02/27/2023,W
BOS,NYK,02/27/2023,L
DET,CHA,02/27/2023,L
CHA,DET,02/27/2023,W
PHI,MIA,02/27/2023,L
MIA,PHI,02/27/2023,W
ORL,NOP,02/27/2023,W
NOP,ORL,02/27/2023,L
OKC,SAC,02/26/2023,L
SAC,OKC,02/26/2023,W
DAL,LAL,02/26/2023,L
LAL,DAL,02/26/2023,W
ATL,BKN,02/26/2023,W
HOU,POR,02/26/2023,L
POR,HOU,02/26/2023,W
BKN,ATL,02/26/2023,L
MIN,GSW,02/26/2023,L
CLE,TOR,02/26/2023,W
TOR,CLE,02/26/2023,L
CHI,WAS,02/26/2023,W
WAS,CHI,02/26/2023,L
DEN,LAC,02/26/2023,W
GSW,MIN,02/26/2023,W
LAC,DEN,02/26/2023,L
PHX,MIL,02/26/2023,L
MIL,PHX,02/26/2023,W
MIA,CHA,02/25/2023,L
CHA,MIA,02/25/2023,W
DEN,MEM,02/25/2023,L
NYK,NOP,02/25/2023,W
IND,ORL,02/25/2023,W
MEM,DEN,02/25/2023,W
NOP,NYK,02/25/2023,L
ORL,IND,02/25/2023,L
SAS,UTA,02/25/2023,L
UTA,SAS,02/25/2023,W
PHI,BOS,02/25/2023,L
TOR,DET,02/25/2023,W
DET,TOR,02/25/2023,L
BOS,PHI,02/25/2023,W
CHI,BKN,02/24/2023,W
SAC,LAC,02/24/2023,W
LAC,SAC,02/24/2023,L
CLE,ATL,02/24/2023,L
ATL,CLE,02/24/2023,W
OKC,PHX,02/24/2023,L
PHX,OKC,02/24/2023,W
NYK,WAS,02/24/2023,W
MIA,MIL,02/24/2023,L
MIL,MIA,02/24/2023,W
GSW,HOU,02/24/2023,W
MIN,CHA,02/24/2023,L
CHA,MIN,02/24/2023,W
BKN,CHI,02/24/2023,L
HOU,GSW,02/24/2023,L
WAS,NYK,02/24/2023,L
OKC,UTA,02/23/2023,L
UTA,OKC,02/23/2023,W
POR,SAC,02/23/2023,L
SAC,POR,02/23/2023,W
DET,ORL,02/23/2023,L
ORL,DET,02/23/2023,W
MEM,PHI,02/23/2023,L
CLE,DEN,02/23/2023,L
DEN,CLE,02/23/2023,W
DAL,SAS,02/23/2023,W
TOR,NOP,02/23/2023,W
NOP,TOR,02/23/2023,L
IND,BOS,02/23/2023,L
BOS,IND,02/23/2023,W
GSW,LAL,02/23/2023,L
SAS,DAL,02/23/2023,L
LAL,GSW,02/23/2023,W
PHI,MEM,02/23/2023,W
LAC,PHX,02/16/2023,W
PHX,LAC,02/16/2023,L
WAS,MIN,02/16/2023,W
MIN,WAS,02/16/2023,L
CHI,MIL,02/16/2023,L
MIL,CHI,02/16/2023,W
NOP,LAL,02/15/2023,L
LAL,NOP,02/15/2023,W
CHA,SAS,02/15/2023,W
OKC,HOU,02/15/2023,W
HOU,OKC,02/15/2023,L
IND,CHI,02/15/2023,W
CHI,IND,02/15/2023,L
BKN,MIA,02/15/2023,W
DET,BOS,02/15/2023,L
BOS,DET,02/15/2023,W
MIA,BKN,02/15/2023,L
ATL,NYK,02/15/2023,L
NYK,ATL,02/15/2023,W
DEN,DAL,02/15/2023,W
UTA,MEM,02/15/2023,L
MEM,UTA,02/15/2023,W
DAL,DEN,02/15/2023,L
PHI,CLE,02/15/2023,W
SAS,CHA,02/15/2023,L
CLE,PHI,02/15/2023,L
WAS,POR,02/14/2023,W
POR,WAS,02/14/2023,L
SAC,PHX,02/14/2023,L
PHX,SAC,02/14/2023,W
BOS,MIL,02/14/2023,L
MIL,BOS,02/14/2023,W
GSW,LAC,02/14/2023,L
LAC,GSW,02/14/2023,W
ORL,TOR,02/14/2023,L
TOR,ORL,02/14/2023,W
BKN,NYK,02/13/2023,L
MIN,DAL,02/13/2023,W
NYK,BKN,02/13/2023,W
NOP,OKC,02/13/2023,W
OKC,NOP,02/13/2023,L
ATL,CHA,02/13/2023,L
CHA,ATL,02/13/2023,W
DAL,MIN,02/13/2023,L
ORL,CHI,02/13/2023,W
PHI,HOU,02/13/2023,W
HOU,PHI,02/13/2023,L
LAL,POR,02/13/2023,L
CLE,SAS,02/13/2023,W
SAS,CLE,02/13/2023,L
UTA,IND,02/13/2023,W
IND,UTA,02/13/2023,L
CHI,ORL,02/13/2023,L
MIA,DEN,02/13/2023,L
GSW,WAS,02/13/2023,W
WAS,GSW,02/13/2023,L
DEN,MIA,02/13/2023,W
POR,LAL,02/13/2023,W
DET,TOR,02/12/2023,L
TOR,DET,02/12/2023,W
MEM,BOS,02/12/2023,L
BOS,MEM,02/12/2023,W
CHA,DEN,02/11/2023,L
CLE,CHI,02/11/2023,W
MIA,ORL,02/11/2023,W
CHI,CLE,02/11/2023,L
IND,WAS,02/11/2023,L
WAS,IND,02/11/2023,W
ORL,MIA,02/11/2023,L
DEN,CHA,02/11/2023,W
BKN,PHI,02/11/2023,L
NYK,UTA,02/11/2023,W
UTA,NYK,02/11/2023,L
PHI,BKN,02/11/2023,W
GSW,LAL,02/11/2023,L
LAL,GSW,02/11/2023,W
ATL,SAS,02/11/2023,W
DAL,SAC,02/11/2023,L
SAC,DAL,02/11/2023,W
SAS,ATL,02/11/2023,L
CHA,BOS,02/10/2023,L
SAC,DAL,02/10/2023,L
DAL,SAC,02/10/2023,W
CLE,NOP,02/10/2023,W
IND,PHX,02/10/2023,L
SAS,DET,02/10/2023,L
NYK,PHI,02/10/2023,L
DET,SAS,02/10/2023,W
MIN,MEM,02/10/2023,L
NOP,CLE,02/10/2023,L
MEM,MIN,02/10/2023,W
OKC,POR,02/10/2023,W
HOU,MIA,02/10/2023,L
MIA,HOU,02/10/2023,W
BOS,CHA,02/10/2023,W
POR,OKC,02/10/2023,L
LAC,MIL,02/10/2023,L
MIL,LAC,02/10/2023,W
PHI,NYK,02/10/2023,W
TOR,UTA,02/10/2023,L
UTA,TOR,02/10/2023,W
PHX,IND,02/10/2023,W
ORL,DEN,02/09/2023,W
BKN,CHI,02/09/2023,W
CHI,BKN,02/09/2023,L
LAL,MIL,02/09/2023,L
ATL,PHX,02/09/2023,W
MIL,LAL,02/09/2023,W
PHX,ATL,02/09/2023,L
DEN,ORL,02/09/2023,L
SAC,HOU,02/08/2023,W
IND,MIA,02/08/2023,L
MIA,IND,02/08/2023,W
DET,CLE,02/08/2023,L
POR,GSW,02/08/2023,W
BOS,PHI,02/08/2023,W
CLE,DET,02/08/2023,W
GSW,POR,02/08/2023,L
HOU,SAC,02/08/2023,L
SAS,TOR,02/08/2023,L
PHI,BOS,02/08/2023,L
DAL,LAC,02/08/2023,W
LAC,DAL,02/08/2023,L
CHA,WAS,02/08/2023,L
MIN,UTA,02/08/2023,W
WAS,CHA,02/08/2023,W
TOR,SAS,02/08/2023,W
UTA,MIN,02/08/2023,L
NYK,ORL,02/07/2023,W
ATL,NOP,02/07/2023,L
CHI,MEM,02/07/2023,L
DEN,MIN,02/07/2023,W
MEM,CHI,02/07/2023,W
MIN,DEN,02/07/2023,L
NOP,ATL,02/07/2023,W
ORL,NYK,02/07/2023,L
LAL,OKC,02/07/2023,L
OKC,LAL,02/07/2023,W
PHX,BKN,02/07/2023,W
BKN,PHX,02/07/2023,L
DET,BOS,02/06/2023,L
BOS,DET,02/06/2023,W
POR,MIL,02/06/2023,L
MIL,POR,02/06/2023,W
GSW,OKC,02/06/2023,W
DAL,UTA,02/06/2023,W
CLE,WAS,02/06/2023,W
WAS,CLE,02/06/2023,L
UTA,DAL,02/06/2023,L
OKC,GSW,02/06/2023,L
HOU,SAC,02/06/2023,L
SAC,HOU,02/06/2023,W
SAS,CHI,02/06/2023,L
CHI,SAS,02/06/2023,W
BKN,LAC,02/06/2023,L
LAC,BKN,02/06/2023,W
CLE,IND,02/05/2023,W
MIN,DEN,02/05/2023,W
DEN,MIN,02/05/2023,L
MEM,TOR,02/05/2023,L
TOR,MEM,02/05/2023,W
IND,CLE,02/05/2023,L
NYK,PHI,02/05/2023,W
SAC,NOP,02/05/2023,L
CHA,ORL,02/05/2023,L
NOP,SAC,02/05/2023,W
ORL,CHA,02/05/2023,W
PHI,NYK,02/05/2023,L
MIA,MIL,02/04/2023,L
MIL,MIA,02/04/2023,W
OKC,HOU,02/04/2023,W
HOU,OKC,02/04/2023,L
ATL,DEN,02/04/2023,L
DEN,ATL,02/04/2023,W
CHI,POR,02/04/2023,W
GSW,DAL,02/04/2023,W
DAL,GSW,02/04/2023,L
NOP,LAL,02/04/2023,W
LAL,NOP,02/04/2023,L
BKN,WAS,02/04/2023,W
POR,CHI,02/04/2023,L
DET,PHX,02/04/2023,L
PHX,DET,02/04/2023,W
WAS,BKN,02/04/2023,L
NYK,LAC,02/04/2023,L
LAC,NYK,02/04/2023,W
PHX,BOS,02/03/2023,W
BOS,PHX,02/03/2023,L
ORL,MIN,02/03/2023,W
ATL,UTA,02/03/2023,W
PHI,SAS,02/03/2023,W
SAS,PHI,02/03/2023,L
MIN,ORL,02/03/2023,L
DET,CHA,02/03/2023,W
UTA,ATL,02/03/2023,L
IND,SAC,02/03/2023,W
SAC,IND,02/03/2023,L
HOU,TOR,02/03/2023,L
TOR,HOU,02/03/2023,W
WAS,POR,02/03/2023,L
CHA,DET,02/03/2023,L
POR,WAS,02/03/2023,W
LAC,MIL,02/02/2023,L
MIA,NYK,02/02/2023,L
DAL,NOP,02/02/2023,W
NOP,DAL,02/02/2023,L
NYK,MIA,02/02/2023,W
IND,LAL,02/02/2023,L
LAL,IND,02/02/2023,W
CHI,CHA,02/02/2023,W
CHA,CHI,02/02/2023,L
MEM,CLE,02/02/2023,L
CLE,MEM,02/02/2023,W
DEN,GSW,02/02/2023,W
GSW,DEN,02/02/2023,L
MIL,LAC,02/02/2023,W
GSW,MIN,02/01/2023,L
SAS,SAC,02/01/2023,L
BKN,BOS,02/01/2023,L
PHI,ORL,02/01/2023,W
BOS,BKN,02/01/2023,W
ORL,PHI,02/01/2023,L
SAC,SAS,02/01/2023,W
HOU,OKC,02/01/2023,W
MIN,GSW,02/01/2023,W
MEM,POR,02/01/2023,L
POR,MEM,02/01/2023,W
TOR,UTA,02/01/2023,L
PHX,ATL,02/01/2023,L
UTA,TOR,02/01/2023,W
OKC,HOU,02/01/2023,L
ATL,PHX,02/01/2023,W
LAC,CHI,01/31/2023,W
CHI,LAC,01/31/2023,L
MIL,CHA,01/31/2023,W
MIA,CLE,01/31/2023,W
NOP,DEN,01/31/2023,L
CLE,MIA,01/31/2023,L
DEN,NOP,01/31/2023,W
CHA,MIL,01/31/2023,L
NYK,LAL,01/31/2023,L
LAL,NYK,01/31/2023,W
ORL,PHI,01/30/2023,W
PHI,ORL,01/30/2023,L
SAS,WAS,01/30/2023,L
WAS,SAS,01/30/2023,W
GSW,OKC,01/30/2023,W
OKC,GSW,01/30/2023,L
BKN,LAL,01/30/2023,W
LAL,BKN,01/30/2023,L
MIN,SAC,01/30/2023,L
POR,ATL,01/30/2023,W
DET,DAL,01/30/2023,L
ATL,POR,01/30/2023,L
SAC,MIN,01/30/2023,W
TOR,PHX,01/30/2023,L
PHX,TOR,01/30/2023,W
DAL,DET,01/30/2023,W
CLE,LAC,01/29/2023,W
MIL,NOP,01/29/2023,W
NOP,MIL,01/29/2023,L
LAC,CLE,01/29/2023,L
IND,MEM,01/29/2023,L
MEM,IND,01/29/2023,W
CHA,MIA,01/29/2023,W
MIA,CHA,01/29/2023,L
PHI,DEN,01/28/2023,W
HOU,DET,01/28/2023,W
DET,HOU,01/28/2023,L
CHI,ORL,01/28/2023,W
TOR,POR,01/28/2023,W
WAS,NOP,01/28/2023,W
ORL,CHI,01/28/2023,L
NOP,WAS,01/28/2023,L
BOS,LAL,01/28/2023,W
SAC,MIN,01/28/2023,L
SAS,PHX,01/28/2023,L
MIN,SAC,01/28/2023,W
LAL,BOS,01/28/2023,L
NYK,BKN,01/28/2023,L
BKN,NYK,01/28/2023,W
PHX,SAS,01/28/2023,W
LAC,ATL,01/28/2023,W
ATL,LAC,01/28/2023,L
POR,TOR,01/28/2023,L
UTA,DAL,01/28/2023,W
DAL,UTA,01/28/2023,L
DEN,PHI,01/28/2023,L
IND,MIL,01/27/2023,L
OKC,CLE,01/27/2023,W
CLE,OKC,01/27/2023,L
ORL,MIA,01/27/2023,L
MIL,IND,01/27/2023,W
GSW,TOR,01/27/2023,W
TOR,GSW,01/27/2023,L
MIN,MEM,01/27/2023,W
MEM,MIN,01/27/2023,L
MIA,ORL,01/27/2023,W
NYK,BOS,01/26/2023,W
BOS,NYK,01/26/2023,L
DET,BKN,01/26/2023,W
BKN,DET,01/26/2023,L
LAC,SAS,01/26/2023,W
CHA,CHI,01/26/2023,W
CHI,CHA,01/26/2023,L
PHX,DAL,01/26/2023,L
HOU,CLE,01/26/2023,L
CLE,HOU,01/26/2023,W
DAL,PHX,01/26/2023,W
SAS,LAC,01/26/2023,L
HOU,WAS,01/25/2023,L
UTA,POR,01/25/2023,L
POR,UTA,01/25/2023,W
WAS,HOU,01/25/2023,W
IND,ORL,01/25/2023,L
ORL,IND,01/25/2023,W
DEN,MIL,01/25/2023,L
PHI,BKN,01/25/2023,W
TOR,SAC,01/25/2023,W
SAC,TOR,01/25/2023,L
MEM,GSW,01/25/2023,L
OKC,ATL,01/25/2023,L
GSW,MEM,01/25/2023,W
BKN,PHI,01/25/2023,L
ATL,OKC,01/25/2023,W
MIN,NOP,01/25/2023,W
NOP,MIN,01/25/2023,L
SAS,LAL,01/25/2023,L
LAL,SAS,01/25/2023,W
MIL,DEN,01/25/2023,W
IND,CHI,01/24/2023,W
LAL,LAC,01/24/2023,L
BOS,MIA,01/24/2023,L
CHA,PHX,01/24/2023,L
PHX,CHA,01/24/2023,W
MIA,BOS,01/24/2023,W
LAC,LAL,01/24/2023,W
CLE,NYK,01/24/2023,L
NYK,CLE,01/24/2023,W
CHI,IND,01/24/2023,L
NOP,DEN,01/24/2023,L
DEN,NOP,01/24/2023,W
DAL,WAS,01/24/2023,L
WAS,DAL,01/24/2023,W
HOU,MIN,01/23/2023,W
ORL,BOS,01/23/2023,W
UTA,CHA,01/23/2023,W
CHA,UTA,01/23/2023,L
DET,MIL,01/23/2023,L
SAC,MEM,01/23/2023,W
MEM,SAC,01/23/2023,L
MIL,DET,01/23/2023,W
SAS,POR,01/23/2023,L
CHI,ATL,01/23/2023,W
ATL,CHI,01/23/2023,L
BOS,ORL,01/23/2023,L
POR,SAS,01/23/2023,W
MIN,HOU,01/23/2023,L
TOR,NYK,01/22/2023,W
NYK,TOR,01/22/2023,L
POR,LAL,01/22/2023,L
GSW,BKN,01/22/2023,L
BKN,GSW,01/22/2023,W
NOP,MIA,01/22/2023,L
MIA,NOP,01/22/2023,W
OKC,DEN,01/22/2023,W
DEN,OKC,01/22/2023,L
PHX,MEM,01/22/2023,W
MEM,PHX,01/22/2023,L
DAL,LAC,01/22/2023,L
LAC,DAL,01/22/2023,W
LAL,POR,01/22/2023,W
BOS,TOR,01/21/2023,W
TOR,BOS,01/21/2023,L
HOU,MIN,01/21/2023,L
MIN,HOU,01/21/2023,W
ATL,CHA,01/21/2023,L
CHA,ATL,01/21/2023,W
MIL,CLE,01/21/2023,L
PHI,SAC,01/21/2023,W
SAC,PHI,01/21/2023,L
CLE,MIL,01/21/2023,W
PHX,IND,01/21/2023,W
IND,PHX,01/21/2023,L
ORL,WAS,01/21/2023,L
WAS,ORL,01/21/2023,W
NOP,ORL,01/20/2023,L
ORL,NOP,01/20/2023,W
UTA,BKN,01/20/2023,L
IND,DEN,01/20/2023,L
BKN,UTA,01/20/2023,W
SAS,LAC,01/20/2023,L
LAC,SAS,01/20/2023,W
DEN,IND,01/20/2023,W
MEM,LAL,01/20/2023,L
NYK,ATL,01/20/2023,L
LAL,MEM,01/20/2023,W
OKC,SAC,01/20/2023,L
ATL,NYK,01/20/2023,W
SAC,OKC,01/20/2023,W
GSW,CLE,01/20/2023,W
CLE,GSW,01/20/2023,L
DAL,MIA,01/20/2023,W
MIA,DAL,01/20/2023,L
CHI,DET,01/19/2023,W
DET,CHI,01/19/2023,L
BOS,GSW,01/19/2023,W
GSW,BOS,01/19/2023,L
POR,PHI,01/19/2023,L
BKN,PHX,01/19/2023,L
TOR,MIN,01/19/2023,L
MIN,TOR,01/19/2023,W
PHX,BKN,01/19/2023,W
PHI,POR,01/19/2023,W
NYK,WAS,01/18/2023,L
DEN,MIN,01/18/2023,W
DAL,ATL,01/18/2023,L
LAL,SAC,01/18/2023,L
MIN,DEN,01/18/2023,L
SAC,LAL,01/18/2023,W
CLE,MEM,01/18/2023,L
MEM,CLE,01/18/2023,W
WAS,NYK,01/18/2023,W
UTA,LAC,01/18/2023,W
NOP,MIA,01/18/2023,L
MIA,NOP,01/18/2023,W
OKC,IND,01/18/2023,W
ATL,DAL,01/18/2023,W
CHA,HOU,01/18/2023,W
IND,OKC,01/18/2023,L
LAC,UTA,01/18/2023,L
HOU,CHA,01/18/2023,L
SAS,BKN,01/17/2023,W
BKN,SAS,01/17/2023,L
TOR,MIL,01/17/2023,L
PHI,LAC,01/17/2023,W
LAC,PHI,01/17/2023,L
MIL,TOR,01/17/2023,W
POR,DEN,01/17/2023,L
DEN,POR,01/17/2023,W
NOP,CLE,01/16/2023,L
CLE,NOP,01/16/2023,W
ATL,MIA,01/16/2023,W
MIA,ATL,01/16/2023,L
LAL,HOU,01/16/2023,W
MIN,UTA,01/16/2023,L
UTA,MIN,01/16/2023,W
NYK,TOR,01/16/2023,L
GSW,WAS,01/16/2023,W
WAS,GSW,01/16/2023,L
TOR,NYK,01/16/2023,W
CHA,BOS,01/16/2023,L
BOS,CHA,01/16/2023,W
PHX,MEM,01/16/2023,L
MEM,PHX,01/16/2023,W
IND,MIL,01/16/2023,L
MIL,IND,01/16/2023,W
HOU,LAL,01/16/2023,L
POR,DAL,01/15/2023,W
DAL,POR,01/15/2023,L
NYK,DET,01/15/2023,W
DET,NYK,01/15/2023,L
DEN,ORL,01/15/2023,W
ORL,DEN,01/15/2023,L
SAC,SAS,01/15/2023,W
SAS,SAC,01/15/2023,L
LAC,HOU,01/15/2023,W
HOU,LAC,01/15/2023,L
GSW,CHI,01/15/2023,L
BKN,OKC,01/15/2023,L
OKC,BKN,01/15/2023,W
PHI,LAL,01/15/2023,W
LAL,PHI,01/15/2023,L
CHI,GSW,01/15/2023,W
CLE,MIN,01/14/2023,L
MIN,CLE,01/14/2023,W
CHA,BOS,01/14/2023,L
BOS,CHA,01/14/2023,W
POR,DAL,01/14/2023,W
DAL,POR,01/14/2023,L
MIL,MIA,01/14/2023,L
PHI,UTA,01/14/2023,W
UTA,PHI,01/14/2023,L
ATL,TOR,01/14/2023,W
TOR,ATL,01/14/2023,L
MIA,MIL,01/14/2023,W
MEM,IND,01/14/2023,W
IND,MEM,01/14/2023,L
PHX,MIN,01/13/2023,L
GSW,SAS,01/13/2023,W
SAS,GSW,01/13/2023,L
ATL,IND,01/13/2023,W
NOP,DET,01/13/2023,W
DET,NOP,01/13/2023,L
OKC,CHI,01/13/2023,W
CHI,OKC,01/13/2023,L
MIN,PHX,01/13/2023,W
NYK,WAS,01/13/2023,W
LAC,DEN,01/13/2023,L
WAS,NYK,01/13/2023,L
SAC,HOU,01/13/2023,W
DEN,LAC,01/13/2023,W
ORL,UTA,01/13/2023,L
UTA,ORL,01/13/2023,W
HOU,SAC,01/13/2023,L
IND,ATL,01/13/2023,L
LAL,DAL,01/12/2023,L
POR,CLE,01/12/2023,L
MIA,MIL,01/12/2023,W
DAL,LAL,01/12/2023,W
MIL,MIA,01/12/2023,L
TOR,CHA,01/12/2023,W
CHA,TOR,01/12/2023,L
BKN,BOS,01/12/2023,L
CLE,POR,01/12/2023,W
OKC,PHI,01/12/2023,W
BOS,BKN,01/12/2023,W
PHI,OKC,01/12/2023,L
BOS,NOP,01/11/2023,W
NOP,BOS,01/11/2023,L
HOU,SAC,01/11/2023,L
SAC,HOU,01/11/2023,W
MEM,SAS,01/11/2023,W
SAS,MEM,01/11/2023,L
ATL,MIL,01/11/2023,L
MIL,ATL,01/11/2023,W
IND,NYK,01/11/2023,L
MIN,DET,01/11/2023,L
DET,MIN,01/11/2023,W
NYK,IND,01/11/2023,W
WAS,CHI,01/11/2023,W
CHI,WAS,01/11/2023,L
DEN,PHX,01/11/2023,W
PHX,DEN,01/11/2023,L
TOR,CHA,01/10/2023,W
CHA,TOR,01/10/2023,L
CLE,UTA,01/10/2023,L
DET,PHI,01/10/2023,L
UTA,CLE,01/10/2023,W
POR,ORL,01/10/2023,L
ORL,POR,01/10/2023,W
LAC,DAL,01/10/2023,W
DAL,LAC,01/10/2023,L
PHI,DET,01/10/2023,W
MIA,OKC,01/10/2023,W
PHX,GSW,01/10/2023,W
GSW,PHX,01/10/2023,L
OKC,MIA,01/10/2023,L
LAL,DEN,01/09/2023,L
ORL,SAC,01/09/2023,L
MEM,SAS,01/09/2023,W
SAS,MEM,01/09/2023,L
BOS,CHI,01/09/2023,W
CHI,BOS,01/09/2023,L
WAS,NOP,01/09/2023,L
NOP,WAS,01/09/2023,W
MIL,NYK,01/09/2023,W
NYK,MIL,01/09/2023,L
SAC,ORL,01/09/2023,W
DEN,LAL,01/09/2023,W
LAC,ATL,01/08/2023,L
PHX,CLE,01/08/2023,L
CLE,PHX,01/08/2023,W
ATL,LAC,01/08/2023,W
IND,CHA,01/08/2023,W
MIN,HOU,01/08/2023,W
HOU,MIN,01/08/2023,L
DAL,OKC,01/08/2023,L
OKC,DAL,01/08/2023,W
MIA,BKN,01/08/2023,L
BKN,MIA,01/08/2023,W
CHA,IND,01/08/2023,L
DET,PHI,01/08/2023,L
PHI,DET,01/08/2023,W
MEM,UTA,01/08/2023,W
UTA,MEM,01/08/2023,L
POR,TOR,01/08/2023,L
TOR,POR,01/08/2023,W
DAL,NOP,01/07/2023,W
NOP,DAL,01/07/2023,L
CHI,UTA,01/07/2023,W
UTA,CHI,01/07/2023,L
GSW,ORL,01/07/2023,L
SAS,BOS,01/07/2023,L
LAL,SAC,01/07/2023,W
SAC,LAL,01/07/2023,L
BOS,SAS,01/07/2023,W
ORL,GSW,01/07/2023,W
OKC,WAS,01/06/2023,W
TOR,NYK,01/06/2023,L
NYK,TOR,01/06/2023,W
MIN,LAC,01/06/2023,W
LAC,MIN,01/06/2023,L
CHA,MIL,01/06/2023,W
MIL,CHA,01/06/2023,L
POR,IND,01/06/2023,L
PHX,MIA,01/06/2023,L
IND,POR,01/06/2023,W
MIA,PHX,01/06/2023,W
SAS,DET,01/06/2023,W
DET,SAS,01/06/2023,L
ATL,LAL,01/06/2023,L
LAL,ATL,01/06/2023,W
CHI,PHI,01/06/2023,W
PHI,CHI,01/06/2023,L
BKN,NOP,01/06/2023,W
NOP,BKN,01/06/2023,L
DEN,CLE,01/06/2023,W
CLE,DEN,01/06/2023,L
WAS,OKC,01/06/2023,L
UTA,HOU,01/05/2023,W
LAC,DEN,01/05/2023,L
BOS,DAL,01/05/2023,W
DAL,BOS,01/05/2023,L
DEN,LAC,01/05/2023,W
MEM,ORL,01/05/2023,W
ORL,MEM,01/05/2023,L
HOU,UTA,01/05/2023,L
PHX,CLE,01/04/2023,L
CHI,BKN,01/04/2023,W
ORL,OKC,01/04/2023,W
MIN,POR,01/04/2023,W
MIL,TOR,01/04/2023,W
DET,GSW,01/04/2023,W
POR,MIN,01/04/2023,L
BKN,CHI,01/04/2023,L
OKC,ORL,01/04/2023,L
NYK,SAS,01/04/2023,W
SAS,NYK,01/04/2023,L
IND,PHI,01/04/2023,L
NOP,HOU,01/04/2023,W
HOU,NOP,01/04/2023,L
TOR,MIL,01/04/2023,L
PHI,IND,01/04/2023,W
MIA,LAL,01/04/2023,L
MEM,CHA,01/04/2023,W
LAL,MIA,01/04/2023,W
SAC,ATL,01/04/2023,L
ATL,SAC,01/04/2023,W
GSW,DET,01/04/2023,L
CHA,MEM,01/04/2023,L
CLE,PHX,01/04/2023,W
BOS,OKC,01/03/2023,L
WAS,MIL,01/03/2023,L
MIL,WAS,01/03/2023,W
OKC,BOS,01/03/2023,W
UTA,SAC,01/03/2023,L
SAC,UTA,01/03/2023,W
TOR,IND,01/02/2023,L
PHI,NOP,01/02/2023,W
DEN,MIN,01/02/2023,L
BKN,SAS,01/02/2023,W
MIN,DEN,01/02/2023,W
SAS,BKN,01/02/2023,L
NOP,PHI,01/02/2023,L
IND,TOR,01/02/2023,W
GSW,ATL,01/02/2023,W
CHI,CLE,01/02/2023,L
CHA,LAL,01/02/2023,L
LAC,MIA,01/02/2023,L
DET,POR,01/02/2023,L
POR,DET,01/02/2023,W
MIA,LAC,01/02/2023,W
LAL,CHA,01/02/2023,W
NYK,PHX,01/02/2023,W
PHX,NYK,01/02/2023,L
ATL,GSW,01/02/2023,L
DAL,HOU,01/02/2023,W
HOU,DAL,01/02/2023,L
CLE,CHI,01/02/2023,W
MIL,WAS,01/01/2023,L
MEM,SAC,01/01/2023,W
DEN,BOS,01/01/2023,W
WAS,MIL,01/01/2023,W
SAC,MEM,01/01/2023,L
BOS,DEN,01/01/2023,L
MIN,DET,12/31/2022,L
DET,MIN,12/31/2022,W
BKN,CHA,12/31/2022,W
IND,LAC,12/31/2022,W
LAC,IND,12/31/2022,L
CHA,BKN,12/31/2022,L
MEM,NOP,12/31/2022,W
PHI,OKC,12/31/2022,W
OKC,PHI,12/31/2022,L
SAS,DAL,12/31/2022,L
DAL,SAS,12/31/2022,W
NOP,MEM,12/31/2022,L
MIA,UTA,12/31/2022,W
NYK,HOU,12/31/2022,W
HOU,NYK,12/31/2022,L
UTA,MIA,12/31/2022,L
CLE,CHI,12/31/2022,W
CHI,CLE,12/31/2022,L
UTA,SAC,12/30/2022,L
NOP,PHI,12/30/2022,W
SAC,UTA,12/30/2022,W
PHI,NOP,12/30/2022,L
GSW,POR,12/30/2022,W
POR,GSW,12/30/2022,L
MIN,MIL,12/30/2022,L
MIL,MIN,12/30/2022,W
ATL,LAL,12/30/2022,L
LAL,ATL,12/30/2022,W
CHI,DET,12/30/2022,W
PHX,TOR,12/30/2022,L
TOR,PHX,12/30/2022,W
DET,CHI,12/30/2022,L
ORL,WAS,12/30/2022,L
WAS,ORL,12/30/2022,W
MIA,DEN,12/30/2022,L
DEN,MIA,12/30/2022,W
MEM,TOR,12/29/2022,W
TOR,MEM,12/29/2022,L
LAC,BOS,12/29/2022,L
CHA,OKC,12/29/2022,W
OKC,CHA,12/29/2022,L
BOS,LAC,12/29/2022,W
IND,CLE,12/29/2022,W
CLE,IND,12/29/2022,L
NYK,SAS,12/29/2022,L
SAS,NYK,12/29/2022,W
HOU,DAL,12/29/2022,L
DAL,HOU,12/29/2022,W
LAL,MIA,12/28/2022,L
MIA,LAL,12/28/2022,W
PHX,WAS,12/28/2022,L
WAS,PHX,12/28/2022,W
ORL,DET,12/28/2022,L
UTA,GSW,12/28/2022,L
GSW,UTA,12/28/2022,W
DET,ORL,12/28/2022,W
MIN,NOP,12/28/2022,L
NOP,MIN,12/28/2022,W
ATL,BKN,12/28/2022,L
BKN,ATL,12/28/2022,W
SAC,DEN,12/28/2022,W
DEN,SAC,12/28/2022,L
CHI,MIL,12/28/2022,W
MIL,CHI,12/28/2022,L
OKC,SAS,12/27/2022,W
PHI,WAS,12/27/2022,L
LAC,TOR,12/27/2022,W
WAS,PHI,12/27/2022,W
BOS,HOU,12/27/2022,W
SAS,OKC,12/27/2022,L
HOU,BOS,12/27/2022,L
TOR,LAC,12/27/2022,L
DAL,NYK,12/27/2022,W
MEM,PHX,12/27/2022,L
ATL,IND,12/27/2022,L
IND,ATL,12/27/2022,W
NYK,DAL,12/27/2022,L
LAL,ORL,12/27/2022,W
ORL,LAL,12/27/2022,L
DEN,SAC,12/27/2022,W
SAC,DEN,12/27/2022,L
PHX,MEM,12/27/2022,W
GSW,CHA,12/27/2022,W
CHA,GSW,12/27/2022,L
DET,LAC,12/26/2022,L
LAC,DET,12/26/2022,W
IND,NOP,12/26/2022,L
HOU,CHI,12/26/2022,W
CHI,HOU,12/26/2022,L
BKN,CLE,12/26/2022,W
CLE,BKN,12/26/2022,L
MIA,MIN,12/26/2022,W
MIN,MIA,12/26/2022,L
NOP,IND,12/26/2022,W
CHA,POR,12/26/2022,L
POR,CHA,12/26/2022,W
UTA,SAS,12/26/2022,L
SAS,UTA,12/26/2022,W
MIL,BOS,12/25/2022,L
MEM,GSW,12/25/2022,L
GSW,MEM,12/25/2022,W
NYK,PHI,12/25/2022,L
PHX,DEN,12/25/2022,L
DAL,LAL,12/25/2022,W
LAL,DAL,12/25/2022,L
DEN,PHX,12/25/2022,W
PHI,NYK,12/25/2022,W
BOS,MIL,12/25/2022,W
MIL,BKN,12/23/2022,L
BKN,MIL,12/23/2022,W
MEM,PHX,12/23/2022,W
PHX,MEM,12/23/2022,L
LAC,PHI,12/23/2022,L
PHI,LAC,12/23/2022,W
MIA,IND,12/23/2022,L
CHA,LAL,12/23/2022,W
LAL,CHA,12/23/2022,L
DEN,POR,12/23/2022,W
SAS,ORL,12/23/2022,L
WAS,SAC,12/23/2022,W
SAC,WAS,12/23/2022,L
ORL,SAS,12/23/2022,W
HOU,DAL,12/23/2022,L
TOR,CLE,12/23/2022,W
POR,DEN,12/23/2022,L
OKC,NOP,12/23/2022,L
MIN,BOS,12/23/2022,L
BOS,MIN,12/23/2022,W
CLE,TOR,12/23/2022,L
IND,MIA,12/23/2022,W
DET,ATL,12/23/2022,L
ATL,DET,12/23/2022,W
NYK,CHI,12/23/2022,L
CHI,NYK,12/23/2022,W
DAL,HOU,12/23/2022,W
NOP,OKC,12/23/2022,W
WAS,UTA,12/22/2022,L
UTA,WAS,12/22/2022,W
SAS,NOP,12/22/2022,L
NOP,SAS,12/22/2022,W
LAL,SAC,12/21/2022,L
CHA,LAC,12/21/2022,L
LAC,CHA,12/21/2022,W
SAC,LAL,12/21/2022,W
DET,PHI,12/21/2022,L
PHI,DET,12/21/2022,W
IND,BOS,12/21/2022,W
ATL,CHI,12/21/2022,L
NYK,TOR,12/21/2022,L
TOR,NYK,12/21/2022,W
CHI,ATL,12/21/2022,W
MIL,CLE,12/21/2022,L
CLE,MIL,12/21/2022,W
DAL,MIN,12/21/2022,W
MIN,DAL,12/21/2022,L
POR,OKC,12/21/2022,L
HOU,ORL,12/21/2022,L
ORL,HOU,12/21/2022,W
BKN,GSW,12/21/2022,W
BOS,IND,12/21/2022,L
GSW,BKN,12/21/2022,L
OKC,POR,12/21/2022,W
DET,UTA,12/20/2022,L
UTA,DET,12/20/2022,W
DEN,MEM,12/20/2022,W
CHI,MIA,12/20/2022,W
MIA,CHI,12/20/2022,L
PHX,WAS,12/20/2022,L
WAS,PHX,12/20/2022,W
MEM,DEN,12/20/2022,L
GSW,NYK,12/20/2022,L
NYK,GSW,12/20/2022,W
PHX,LAL,12/19/2022,W
MIL,NOP,12/19/2022,W
NOP,MIL,12/19/2022,L
UTA,CLE,12/19/2022,L
CLE,UTA,12/19/2022,W
SAC,CHA,12/19/2022,L
CHA,SAC,12/19/2022,W
HOU,SAS,12/19/2022,L
SAS,HOU,12/19/2022,W
MIN,DAL,12/19/2022,W
DAL,MIN,12/19/2022,L
TOR,PHI,12/19/2022,L
ORL,ATL,12/19/2022,L
PHI,TOR,12/19/2022,W
OKC,POR,12/19/2022,W
POR,OKC,12/19/2022,L
ATL,ORL,12/19/2022,W
LAL,PHX,12/19/2022,L
DET,BKN,12/18/2022,L
BKN,DET,12/18/2022,W
LAL,WAS,12/18/2022,W
WAS,LAL,12/18/2022,L
CHI,MIN,12/18/2022,L
MIN,CHI,12/18/2022,W
BOS,ORL,12/18/2022,L
ORL,BOS,12/18/2022,W
IND,NYK,12/18/2022,L
NYK,IND,12/18/2022,W
DEN,CHA,12/18/2022,W
CHA,DEN,12/18/2022,L
GSW,TOR,12/18/2022,W
TOR,GSW,12/18/2022,L
UTA,MIL,12/17/2022,L
OKC,MEM,12/17/2022,W
CLE,DAL,12/17/2022,W
DAL,CLE,12/17/2022,L
WAS,LAC,12/17/2022,L
LAC,WAS,12/17/2022,W
MEM,OKC,12/17/2022,L
NOP,PHX,12/17/2022,L
PHX,NOP,12/17/2022,W
MIA,SAS,12/17/2022,W
HOU,POR,12/17/2022,L
POR,HOU,12/17/2022,W
SAS,MIA,12/17/2022,L
MIL,UTA,12/17/2022,W
CLE,IND,12/16/2022,W
ATL,CHA,12/16/2022,W
CHA,ATL,12/16/2022,L
CHI,NYK,12/16/2022,L
NYK,CHI,12/16/2022,W
GSW,PHI,12/16/2022,L
PHI,GSW,12/16/2022,W
DAL,POR,12/16/2022,W
BKN,TOR,12/16/2022,W
TOR,BKN,12/16/2022,L
SAC,DET,12/16/2022,W
ORL,BOS,12/16/2022,W
BOS,ORL,12/16/2022,L
DEN,LAL,12/16/2022,L
DET,SAC,12/16/2022,L
MIN,OKC,12/16/2022,W
OKC,MIN,12/16/2022,L
IND,CLE,12/16/2022,L
POR,DAL,12/16/2022,L
LAL,DEN,12/16/2022,W
UTA,NOP,12/15/2022,W
NOP,UTA,12/15/2022,L
PHX,LAC,12/15/2022,W
MIA,HOU,12/15/2022,W
MIL,MEM,12/15/2022,L
MEM,MIL,12/15/2022,W
HOU,MIA,12/15/2022,L
LAC,PHX,12/15/2022,L
POR,SAS,12/14/2022,W
SAS,POR,12/14/2022,L
LAC,MIN,12/14/2022,W
MIN,LAC,12/14/2022,L
TOR,SAC,12/14/2022,L
SAC,TOR,12/14/2022,W
GSW,IND,12/14/2022,L
IND,GSW,12/14/2022,W
ORL,ATL,12/14/2022,W
CHI,NYK,12/14/2022,L
NYK,CHI,12/14/2022,W
CHA,DET,12/14/2022,L
DET,CHA,12/14/2022,W
ATL,ORL,12/14/2022,L
DEN,WAS,12/14/2022,W
WAS,DEN,12/14/2022,L
OKC,MIA,12/14/2022,L
MIA,OKC,12/14/2022,W
CLE,DAL,12/14/2022,W
DAL,CLE,12/14/2022,L
LAL,BOS,12/13/2022,L
PHI,SAC,12/13/2022,W
HOU,PHX,12/13/2022,W
PHX,HOU,12/13/2022,L
SAC,PHI,12/13/2022,L
GSW,MIL,12/13/2022,L
UTA,NOP,12/13/2022,W
NOP,UTA,12/13/2022,L
BOS,LAL,12/13/2022,W
MIL,GSW,12/13/2022,W
IND,MIA,12/12/2022,L
MIA,IND,12/12/2022,W
WAS,BKN,12/12/2022,L
BKN,WAS,12/12/2022,W
SAS,CLE,12/12/2022,W
ATL,MEM,12/12/2022,L
LAC,BOS,12/12/2022,W
BOS,LAC,12/12/2022,L
MIN,POR,12/12/2022,L
POR,MIN,12/12/2022,W
DAL,OKC,12/12/2022,W
OKC,DAL,12/12/2022,L
CLE,SAS,12/12/2022,L
MEM,ATL,12/12/2022,W
PHI,CHA,12/11/2022,W
NYK,SAC,12/11/2022,W
SAC,NYK,12/11/2022,L
CHI,ATL,12/11/2022,L
ATL,CHI,12/11/2022,W
CHA,PHI,12/11/2022,L
DET,LAL,12/11/2022,L
MIL,HOU,12/11/2022,L
LAL,DET,12/11/2022,W
HOU,MIL,12/11/2022,W
PHX,NOP,12/11/2022,L
NOP,PHX,12/11/2022,W
ORL,TOR,12/11/2022,W
TOR,ORL,12/11/2022,L
MIA,SAS,12/10/2022,L
SAS,MIA,12/10/2022,W
CHI,DAL,12/10/2022,W
GSW,BOS,12/10/2022,W
BOS,GSW,12/10/2022,L
DAL,CHI,12/10/2022,L
MIN,POR,12/10/2022,L
POR,MIN,12/10/2022,W
UTA,DEN,12/10/2022,L
DEN,UTA,12/10/2022,W
IND,BKN,12/10/2022,L
BKN,IND,12/10/2022,W
CLE,OKC,12/10/2022,W
OKC,CLE,12/10/2022,L
LAC,WAS,12/10/2022,W
WAS,LAC,12/10/2022,L
IND,WAS,12/09/2022,W
WAS,IND,12/09/2022,L
SAC,CLE,12/09/2022,W
CLE,SAC,12/09/2022,L
CHA,NYK,12/09/2022,L
NYK,CHA,12/09/2022,W
TOR,ORL,12/09/2022,L
ORL,TOR,12/09/2022,W
MIN,UTA,12/09/2022,W
DET,MEM,12/09/2022,L
MEM,DET,12/09/2022,W
BKN,ATL,12/09/2022,W
ATL,BKN,12/09/2022,L
LAL,PHI,12/09/2022,L
PHI,LAL,12/09/2022,W
DAL,MIL,12/09/2022,L
MIL,DAL,12/09/2022,W
PHX,NOP,12/09/2022,L
NOP,PHX,12/09/2022,W
UTA,MIN,12/09/2022,L
POR,DEN,12/08/2022,L
DEN,POR,12/08/2022,W
HOU,SAS,12/08/2022,L
SAS,HOU,12/08/2022,W
LAC,MIA,12/08/2022,L
MIA,LAC,12/08/2022,W
SAC,MIL,12/07/2022,L
MIL,SAC,12/07/2022,W
CHI,WAS,12/07/2022,W
PHX,BOS,12/07/2022,L
ATL,NYK,12/07/2022,L
NYK,ATL,12/07/2022,W
BKN,CHA,12/07/2022,W
NOP,DET,12/07/2022,W
DET,NOP,12/07/2022,L
OKC,MEM,12/07/2022,L
MEM,OKC,12/07/2022,W
CHA,BKN,12/07/2022,L
IND,MIN,12/07/2022,L
WAS,CHI,12/07/2022,L
MIN,IND,12/07/2022,W
BOS,PHX,12/07/2022,W
LAL,TOR,12/07/2022,L
ORL,LAC,12/07/2022,W
LAC,ORL,12/07/2022,L
TOR,LAL,12/07/2022,W
UTA,GSW,12/07/2022,W
GSW,UTA,12/07/2022,L
CLE,LAL,12/06/2022,W
DET,MIA,12/06/2022,W
MIA,DET,12/06/2022,L
DEN,DAL,12/06/2022,L
LAL,CLE,12/06/2022,L
DAL,DEN,12/06/2022,W
MEM,MIA,12/05/2022,W
OKC,ATL,12/05/2022,W
IND,GSW,12/05/2022,W
ATL,OKC,12/05/2022,L
GSW,IND,12/05/2022,L
HOU,PHI,12/05/2022,W
PHI,HOU,12/05/2022,L
MIA,MEM,12/05/2022,L
PHX,DAL,12/05/2022,L
DAL,PHX,12/05/2022,W
LAC,CHA,12/05/2022,W
CHA,LAC,12/05/2022,L
BOS,TOR,12/05/2022,W
TOR,BOS,12/05/2022,L
ORL,MIL,12/05/2022,L
MIL,ORL,12/05/2022,W
BKN,BOS,12/04/2022,L
BOS,BKN,12/04/2022,W
CLE,NYK,12/04/2022,L
NYK,CLE,12/04/2022,W
PHX,SAS,12/04/2022,W
DET,MEM,12/04/2022,L
SAS,PHX,12/04/2022,L
MEM,DET,12/04/2022,W
IND,POR,12/04/2022,L
POR,IND,12/04/2022,W
WAS,LAL,12/04/2022,L
LAL,WAS,12/04/2022,W
SAC,CHI,12/04/2022,W
CHI,SAC,12/04/2022,L
NOP,DEN,12/04/2022,W
DEN,NOP,12/04/2022,L
MIL,CHA,12/03/2022,W
CHA,MIL,12/03/2022,L
LAC,SAC,12/03/2022,L
SAC,LAC,12/03/2022,W
DAL,NYK,12/03/2022,W
NYK,DAL,12/03/2022,L
POR,UTA,12/03/2022,W
UTA,POR,12/03/2022,L
ORL,TOR,12/03/2022,L
TOR,ORL,12/03/2022,W
HOU,GSW,12/03/2022,L
GSW,HOU,12/03/2022,W
OKC,MIN,12/03/2022,W
MIN,OKC,12/03/2022,L
NOP,SAS,12/02/2022,W
ATL,DEN,12/02/2022,W
CHA,WAS,12/02/2022,W
WAS,CHA,12/02/2022,L
MEM,PHI,12/02/2022,W
PHI,MEM,12/02/2022,L
CHI,GSW,12/02/2022,L
MIA,BOS,12/02/2022,W
BOS,MIA,12/02/2022,L
IND,UTA,12/02/2022,L
HOU,PHX,12/02/2022,W
PHX,HOU,12/02/2022,L
DEN,ATL,12/02/2022,L
BKN,TOR,12/02/2022,W
LAL,MIL,12/02/2022,W
TOR,BKN,12/02/2022,L
MIL,LAL,12/02/2022,L
GSW,CHI,12/02/2022,W
ORL,CLE,12/02/2022,L
CLE,ORL,12/02/2022,W
UTA,IND,12/02/2022,W
SAS,NOP,12/02/2022,L
DAL,DET,12/01/2022,L
DET,DAL,12/01/2022,W
MIA,BOS,11/30/2022,L
BOS,MIA,11/30/2022,W
OKC,SAS,11/30/2022,W
SAS,OKC,11/30/2022,L
LAL,POR,11/30/2022,W
ORL,ATL,11/30/2022,L
WAS,BKN,11/30/2022,L
BKN,WAS,11/30/2022,W
ATL,ORL,11/30/2022,W
CLE,PHI,11/30/2022,W
PHI,CLE,11/30/2022,L
HOU,DEN,11/30/2022,L
MIL,NYK,11/30/2022,W
NYK,MIL,11/30/2022,L
CHI,PHX,11/30/2022,L
UTA,LAC,11/30/2022,W
LAC,UTA,11/30/2022,L
PHX,CHI,11/30/2022,W
NOP,TOR,11/30/2022,W
TOR,NOP,11/30/2022,L
IND,SAC,11/30/2022,L
SAC,IND,11/30/2022,W
MEM,MIN,11/30/2022,L
MIN,MEM,11/30/2022,W
POR,LAL,11/30/2022,L
DEN,HOU,11/30/2022,W
LAC,POR,11/29/2022,W
POR,LAC,11/29/2022,L
NYK,DET,11/29/2022,W
DAL,GSW,11/29/2022,W
GSW,DAL,11/29/2022,L
DET,NYK,11/29/2022,L
WAS,MIN,11/28/2022,W
LAL,IND,11/28/2022,L
IND,LAL,11/28/2022,W
DEN,HOU,11/28/2022,W
NOP,OKC,11/28/2022,W
ATL,PHI,11/28/2022,L
PHI,ATL,11/28/2022,W
HOU,DEN,11/28/2022,L
UTA,CHI,11/28/2022,L
CHI,UTA,11/28/2022,W
PHX,SAC,11/28/2022,W
SAC,PHX,11/28/2022,L
MIN,WAS,11/28/2022,L
BOS,CHA,11/28/2022,W
CHA,BOS,11/28/2022,L
BKN,ORL,11/28/2022,W
ORL,BKN,11/28/2022,L
OKC,NOP,11/28/2022,L
CLE,TOR,11/28/2022,L
TOR,CLE,11/28/2022,W
LAC,IND,11/27/2022,W
MIL,DAL,11/27/2022,W
DAL,MIL,11/27/2022,L
POR,BKN,11/27/2022,L
BKN,POR,11/27/2022,W
MIN,GSW,11/27/2022,L
GSW,MIN,11/27/2022,W
ORL,PHI,11/27/2022,L
PHI,ORL,11/27/2022,W
ATL,MIA,11/27/2022,L
MIA,ATL,11/27/2022,W
BOS,WAS,11/27/2022,W
WAS,BOS,11/27/2022,L
IND,LAC,11/27/2022,L
DET,CLE,11/27/2022,L
CLE,DET,11/27/2022,W
MEM,NYK,11/27/2022,W
NYK,MEM,11/27/2022,L
DAL,TOR,11/26/2022,L
TOR,DAL,11/26/2022,W
LAL,SAS,11/26/2022,W
SAS,LAL,11/26/2022,L
UTA,PHX,11/26/2022,L
PHX,UTA,11/26/2022,W
OKC,HOU,11/26/2022,L
HOU,OKC,11/26/2022,W
SAS,LAL,11/25/2022,L
MIN,CHA,11/25/2022,L
DEN,LAC,11/25/2022,W
NOP,MEM,11/25/2022,L
MEM,NOP,11/25/2022,W
LAC,DEN,11/25/2022,L
BOS,SAC,11/25/2022,W
SAC,BOS,11/25/2022,L
GSW,UTA,11/25/2022,W
ORL,PHI,11/25/2022,L
OKC,CHI,11/25/2022,W
UTA,GSW,11/25/2022,L
CHI,OKC,11/25/2022,L
PHI,ORL,11/25/2022,W
DET,PHX,11/25/2022,L
CHA,MIN,11/25/2022,W
BKN,IND,11/25/2022,L
PHX,DET,11/25/2022,W
WAS,MIA,11/25/2022,L
MIA,WAS,11/25/2022,W
IND,BKN,11/25/2022,W
LAL,SAS,11/25/2022,W
NYK,POR,11/25/2022,L
CLE,MIL,11/25/2022,L
ATL,HOU,11/25/2022,L
MIL,CLE,11/25/2022,W
POR,NYK,11/25/2022,W
HOU,ATL,11/25/2022,W
MIL,CHI,11/23/2022,L
DET,UTA,11/23/2022,W
UTA,DET,11/23/2022,L
CHI,MIL,11/23/2022,W
PHI,CHA,11/23/2022,L
CHA,PHI,11/23/2022,W
SAS,NOP,11/23/2022,L
NOP,SAS,11/23/2022,W
BOS,DAL,11/23/2022,W
DAL,BOS,11/23/2022,L
GSW,LAC,11/23/2022,W
TOR,BKN,11/23/2022,L
BKN,TOR,11/23/2022,W
SAC,ATL,11/23/2022,L
ATL,SAC,11/23/2022,W
LAC,GSW,11/23/2022,L
DEN,OKC,11/23/2022,W
OKC,DEN,11/23/2022,L
MIA,WAS,11/23/2022,W
WAS,MIA,11/23/2022,L
CLE,POR,11/23/2022,W
POR,CLE,11/23/2022,L
IND,MIN,11/23/2022,L
MIN,IND,11/23/2022,W
SAC,MEM,11/22/2022,W
PHI,BKN,11/22/2022,W
BKN,PHI,11/22/2022,L
MEM,SAC,11/22/2022,L
LAL,PHX,11/22/2022,L
PHX,LAL,11/22/2022,W
DEN,DET,11/22/2022,L
DET,DEN,11/22/2022,W
ATL,CLE,11/21/2022,L
CLE,ATL,11/21/2022,W
GSW,NOP,11/21/2022,L
MIL,POR,11/21/2022,W
POR,MIL,11/21/2022,L
NOP,GSW,11/21/2022,W
ORL,IND,11/21/2022,L
BOS,CHI,11/21/2022,L
CHI,BOS,11/21/2022,W
MIN,MIA,11/21/2022,W
MIA,MIN,11/21/2022,L
LAC,UTA,11/21/2022,W
UTA,LAC,11/21/2022,L
OKC,NYK,11/21/2022,L
NYK,OKC,11/21/2022,W
IND,ORL,11/21/2022,W
MEM,BKN,11/20/2022,L
BKN,MEM,11/20/2022,W
CHA,WAS,11/20/2022,L
WAS,CHA,11/20/2022,W
SAC,DET,11/20/2022,W
DET,SAC,11/20/2022,L
PHX,NYK,11/20/2022,W
NYK,PHX,11/20/2022,L
MIA,CLE,11/20/2022,L
LAL,SAS,11/20/2022,W
DAL,DEN,11/20/2022,L
DEN,DAL,11/20/2022,W
HOU,GSW,11/20/2022,L
GSW,HOU,11/20/2022,W
SAS,LAL,11/20/2022,L
CLE,MIA,11/20/2022,W
UTA,POR,11/19/2022,W
POR,UTA,11/19/2022,L
TOR,ATL,11/19/2022,L
ATL,TOR,11/19/2022,W
SAS,LAC,11/19/2022,L
LAC,SAS,11/19/2022,W
PHI,MIN,11/19/2022,L
MIN,PHI,11/19/2022,W
ORL,IND,11/19/2022,L
IND,ORL,11/19/2022,W
LAL,DET,11/18/2022,W
DET,LAL,11/18/2022,L
MIA,WAS,11/18/2022,L
WAS,MIA,11/18/2022,W
CLE,CHA,11/18/2022,W
NYK,GSW,11/18/2022,L
IND,HOU,11/18/2022,W
HOU,IND,11/18/2022,L
MIL,PHI,11/18/2022,L
PHI,MIL,11/18/2022,W
DAL,DEN,11/18/2022,W
OKC,MEM,11/18/2022,L
MEM,OKC,11/18/2022,W
BOS,NOP,11/18/2022,W
NOP,BOS,11/18/2022,L
ORL,CHI,11/18/2022,W
CHI,ORL,11/18/2022,L
UTA,PHX,11/18/2022,W
PHX,UTA,11/18/2022,L
DEN,DAL,11/18/2022,L
CHA,CLE,11/18/2022,L
GSW,NYK,11/18/2022,W
DET,LAC,11/17/2022,L
LAC,DET,11/17/2022,W
SAC,SAS,11/17/2022,W
SAS,SAC,11/17/2022,L
BKN,POR,11/17/2022,W
POR,BKN,11/17/2022,L
IND,CHA,11/16/2022,W
CHA,IND,11/16/2022,L
OKC,WAS,11/16/2022,W
GSW,PHX,11/16/2022,L
PHX,GSW,11/16/2022,W
HOU,DAL,11/16/2022,W
WAS,OKC,11/16/2022,L
DAL,HOU,11/16/2022,L
ORL,MIN,11/16/2022,L
MIN,ORL,11/16/2022,W
NOP,CHI,11/16/2022,W
ATL,BOS,11/16/2022,L
BOS,ATL,11/16/2022,W
CHI,NOP,11/16/2022,L
MIL,CLE,11/16/2022,W
MIA,TOR,11/16/2022,L
TOR,MIA,11/16/2022,W
DEN,NYK,11/16/2022,L
NYK,DEN,11/16/2022,W
CLE,MIL,11/16/2022,L
BKN,SAC,11/15/2022,L
UTA,NYK,11/15/2022,L
SAS,POR,11/15/2022,L
POR,SAS,11/15/2022,W
NYK,UTA,11/15/2022,W
MEM,NOP,11/15/2022,L
NOP,MEM,11/15/2022,W
SAC,BKN,11/15/2022,W
LAC,DAL,11/15/2022,L
DAL,LAC,11/15/2022,W
DET,TOR,11/14/2022,L
ATL,MIL,11/14/2022,W
MIL,ATL,11/14/2022,L
TOR,DET,11/14/2022,W
ORL,CHA,11/14/2022,L
GSW,SAS,11/14/2022,W
SAS,GSW,11/14/2022,L
HOU,LAC,11/14/2022,L
LAC,HOU,11/14/2022,W
BOS,OKC,11/14/2022,W
OKC,BOS,11/14/2022,L
PHX,MIA,11/14/2022,L
MIA,PHX,11/14/2022,W
CHA,ORL,11/14/2022,W
MIN,CLE,11/13/2022,W
GSW,SAC,11/13/2022,L
SAC,GSW,11/13/2022,W
OKC,NYK,11/13/2022,W
NYK,OKC,11/13/2022,L
WAS,MEM,11/13/2022,W
LAL,BKN,11/13/2022,W
CLE,MIN,11/13/2022,L
PHI,UTA,11/13/2022,W
BKN,LAL,11/13/2022,L
UTA,PHI,11/13/2022,L
MEM,WAS,11/13/2022,L
CHI,DEN,11/13/2022,L
DEN,CHI,11/13/2022,W
WAS,UTA,11/12/2022,W
UTA,WAS,11/12/2022,L
DAL,POR,11/12/2022,W
POR,DAL,11/12/2022,L
NOP,HOU,11/12/2022,W
PHI,ATL,11/12/2022,W
CHA,MIA,11/12/2022,L
MIA,CHA,11/12/2022,W
ATL,PHI,11/12/2022,L
LAC,BKN,11/12/2022,L
BKN,LAC,11/12/2022,W
TOR,IND,11/12/2022,L
IND,TOR,11/12/2022,W
BOS,DET,11/12/2022,W
DET,BOS,11/12/2022,L
HOU,NOP,11/12/2022,L
MIL,SAS,11/11/2022,L
SAS,MIL,11/11/2022,W
LAL,SAC,11/11/2022,L
SAC,LAL,11/11/2022,W
GSW,CLE,11/11/2022,W
CLE,GSW,11/11/2022,L
TOR,OKC,11/11/2022,L
OKC,TOR,11/11/2022,W
MIN,MEM,11/11/2022,L
MEM,MIN,11/11/2022,W
DEN,BOS,11/11/2022,L
BOS,DEN,11/11/2022,W
PHX,ORL,11/11/2022,L
ORL,PHX,11/11/2022,W
DET,NYK,11/11/2022,L
NYK,DET,11/11/2022,W
PHI,ATL,11/10/2022,L
ATL,PHI,11/10/2022,W
WAS,DAL,11/10/2022,W
DAL,WAS,11/10/2022,L
MIA,CHA,11/10/2022,W
CHA,MIA,11/10/2022,L
NOP,POR,11/10/2022,L
POR,NOP,11/10/2022,W
LAC,LAL,11/09/2022,W
UTA,ATL,11/09/2022,W
IND,DEN,11/09/2022,L
DEN,IND,11/09/2022,W
OKC,MIL,11/09/2022,L
MIL,OKC,11/09/2022,W
MIN,PHX,11/09/2022,L
PHX,MIN,11/09/2022,W
HOU,TOR,11/09/2022,L
TOR,HOU,11/09/2022,W
POR,CHA,11/09/2022,W
CHA,POR,11/09/2022,L
ATL,UTA,11/09/2022,L
DAL,ORL,11/09/2022,L
ORL,DAL,11/09/2022,W
BKN,NYK,11/09/2022,W
NYK,BKN,11/09/2022,L
MEM,SAS,11/09/2022,W
SAS,MEM,11/09/2022,L
LAL,LAC,11/09/2022,L
NOP,CHI,11/09/2022,W
CLE,SAC,11/09/2022,L
SAC,CLE,11/09/2022,W
BOS,DET,11/09/2022,W
DET,BOS,11/09/2022,L
CHI,NOP,11/09/2022,L
PHX,PHI,11/07/2022,L
PHI,PHX,11/07/2022,W
HOU,ORL,11/07/2022,W
ORL,HOU,11/07/2022,L
CHI,TOR,11/07/2022,W
TOR,CHI,11/07/2022,L
IND,NOP,11/07/2022,W
NOP,IND,11/07/2022,L
DET,OKC,11/07/2022,W
OKC,DET,11/07/2022,L
DAL,BKN,11/07/2022,W
BKN,DAL,11/07/2022,L
BOS,MEM,11/07/2022,W
NYK,MIN,11/07/2022,W
MIN,NYK,11/07/2022,L
ATL,MIL,11/07/2022,W
MIL,ATL,11/07/2022,L
DEN,SAS,11/07/2022,W
LAC,CLE,11/07/2022,W
CLE,LAC,11/07/2022,L
UTA,LAL,11/07/2022,W
LAL,UTA,11/07/2022,L
SAS,DEN,11/07/2022,L
POR,MIA,11/07/2022,W
CHA,WAS,11/07/2022,L
WAS,CHA,11/07/2022,W
GSW,SAC,11/07/2022,W
SAC,GSW,11/07/2022,L
MIA,POR,11/07/2022,L
MEM,BOS,11/07/2022,L
LAL,CLE,11/06/2022,L
CLE,LAL,11/06/2022,W
LAC,UTA,11/06/2022,L
UTA,LAC,11/06/2022,W
TOR,CHI,11/06/2022,W
WAS,MEM,11/06/2022,L
MEM,WAS,11/06/2022,W
CHI,TOR,11/06/2022,L
NOP,ATL,11/05/2022,L
ATL,NOP,11/05/2022,W
SAC,ORL,11/05/2022,W
ORL,SAC,11/05/2022,L
DEN,SAS,11/05/2022,W
SAS,DEN,11/05/2022,L
POR,PHX,11/05/2022,L
PHX,POR,11/05/2022,W
BKN,CHA,11/05/2022,W
CHA,BKN,11/05/2022,L
NYK,BOS,11/05/2022,L
BOS,NYK,11/05/2022,W
MIL,OKC,11/05/2022,W
HOU,MIN,11/05/2022,L
MIN,HOU,11/05/2022,W
OKC,MIL,11/05/2022,L
DET,CLE,11/04/2022,L
MIN,MIL,11/04/2022,L
MIL,MIN,11/04/2022,W
PHX,POR,11/04/2022,L
POR,PHX,11/04/2022,W
UTA,LAL,11/04/2022,W
LAL,UTA,11/04/2022,L
CLE,DET,11/04/2022,W
PHI,NYK,11/04/2022,L
NYK,PHI,11/04/2022,W
IND,MIA,11/04/2022,W
CHA,MEM,11/04/2022,L
MEM,CHA,11/04/2022,W
NOP,GSW,11/04/2022,W
GSW,NOP,11/04/2022,L
MIA,IND,11/04/2022,L
CHI,BOS,11/04/2022,L
BOS,CHI,11/04/2022,W
LAC,SAS,11/04/2022,W
SAS,LAC,11/04/2022,L
WAS,BKN,11/04/2022,L
BKN,WAS,11/04/2022,W
TOR,DAL,11/04/2022,L
DAL,TOR,11/04/2022,W
DEN,OKC,11/03/2022,W
OKC,DEN,11/03/2022,L
GSW,ORL,11/03/2022,L
ORL,GSW,11/03/2022,W
MIA,SAC,11/02/2022,W
HOU,LAC,11/02/2022,L
LAC,HOU,11/02/2022,W
CLE,BOS,11/02/2022,W
BOS,CLE,11/02/2022,L
NOP,LAL,11/02/2022,L
LAL,NOP,11/02/2022,W
DAL,UTA,11/02/2022,W
TOR,SAS,11/02/2022,W
SAS,TOR,11/02/2022,L
SAC,MIA,11/02/2022,L
UTA,DAL,11/02/2022,L
CHA,CHI,11/02/2022,L
CHI,CHA,11/02/2022,W
ATL,NYK,11/02/2022,W
WAS,PHI,11/02/2022,W
PHI,WAS,11/02/2022,L
NYK,ATL,11/02/2022,L
MIL,DET,11/02/2022,W
DET,MIL,11/02/2022,L
POR,MEM,11/02/2022,L
MEM,POR,11/02/2022,W
BKN,CHI,11/01/2022,L
CHI,BKN,11/01/2022,W
OKC,ORL,11/01/2022,W
ORL,OKC,11/01/2022,L
MIN,PHX,11/01/2022,L
PHX,MIN,11/01/2022,W
MIA,GSW,11/01/2022,W
GSW,MIA,11/01/2022,L
MEM,UTA,10/31/2022,L
SAC,CHA,10/31/2022,W
CHA,SAC,10/31/2022,L
UTA,MEM,10/31/2022,W
HOU,LAC,10/31/2022,L
LAC,HOU,10/31/2022,W
BKN,IND,10/31/2022,W
TOR,ATL,10/31/2022,W
IND,BKN,10/31/2022,L
ATL,TOR,10/31/2022,L
PHI,WAS,10/31/2022,W
WAS,PHI,10/31/2022,L
MIL,DET,10/31/2022,W
DET,MIL,10/31/2022,L
WAS,BOS,10/30/2022,L
LAC,NOP,10/30/2022,L
NOP,LAC,10/30/2022,W
DEN,LAL,10/30/2022,L
LAL,DEN,10/30/2022,W
PHX,HOU,10/30/2022,W
HOU,PHX,10/30/2022,L
DET,GSW,10/30/2022,W
GSW,DET,10/30/2022,L
DAL,ORL,10/30/2022,W
BOS,WAS,10/30/2022,W
MIN,SAS,10/30/2022,L
CLE,NYK,10/30/2022,W
ORL,DAL,10/30/2022,L
SAS,MIN,10/30/2022,W
NYK,CLE,10/30/2022,L
UTA,MEM,10/29/2022,W
GSW,CHA,10/29/2022,L
CHI,PHI,10/29/2022,L
PHI,CHI,10/29/2022,W
CHA,GSW,10/29/2022,W
MEM,UTA,10/29/2022,L
SAC,MIA,10/29/2022,W
MIA,SAC,10/29/2022,L
OKC,DAL,10/29/2022,W
MIL,ATL,10/29/2022,W
ATL,MIL,10/29/2022,L
DAL,OKC,10/29/2022,L
IND,BKN,10/29/2022,W
BKN,IND,10/29/2022,L
SAS,CHI,10/28/2022,W
TOR,PHI,10/28/2022,L
PHI,TOR,10/28/2022,W
HOU,POR,10/28/2022,L
CLE,BOS,10/28/2022,W
POR,HOU,10/28/2022,W
ATL,DET,10/28/2022,W
NOP,PHX,10/28/2022,L
PHX,NOP,10/28/2022,W
LAL,MIN,10/28/2022,L
UTA,DEN,10/28/2022,L
DET,ATL,10/28/2022,L
CHI,SAS,10/28/2022,L
NYK,MIL,10/28/2022,L
MIL,NYK,10/28/2022,W
DEN,UTA,10/28/2022,W
MIN,LAL,10/28/2022,W
ORL,CHA,10/28/2022,W
CHA,ORL,10/28/2022,L
WAS,IND,10/28/2022,L
IND,WAS,10/28/2022,W
BOS,CLE,10/28/2022,L
BKN,DAL,10/27/2022,L
DAL,BKN,10/27/2022,W
GSW,MIA,10/27/2022,W
SAC,MEM,10/27/2022,L
MEM,SAC,10/27/2022,W
LAC,OKC,10/27/2022,L
OKC,LAC,10/27/2022,W
MIA,GSW,10/27/2022,L
BKN,MIL,10/26/2022,L
MIL,BKN,10/26/2022,W
LAL,DEN,10/26/2022,L
PHI,TOR,10/26/2022,L
MIA,POR,10/26/2022,W
TOR,PHI,10/26/2022,W
POR,MIA,10/26/2022,L
NYK,CHA,10/26/2022,W
DEN,LAL,10/26/2022,W
CHA,NYK,10/26/2022,L
SAS,MIN,10/26/2022,L
MIN,SAS,10/26/2022,W
CHI,IND,10/26/2022,W
IND,CHI,10/26/2022,L
DET,ATL,10/26/2022,L
CLE,ORL,10/26/2022,W
UTA,HOU,10/26/2022,W
HOU,UTA,10/26/2022,L
ORL,CLE,10/26/2022,L
ATL,DET,10/26/2022,W
LAC,OKC,10/25/2022,L
OKC,LAC,10/25/2022,W
PHX,GSW,10/25/2022,W
GSW,PHX,10/25/2022,L
DAL,NOP,10/25/2022,L
NOP,DAL,10/25/2022,W
DET,WAS,10/25/2022,L
WAS,DET,10/25/2022,W
MEM,BKN,10/24/2022,W
BKN,MEM,10/24/2022,L
ORL,NYK,10/24/2022,L
NYK,ORL,10/24/2022,W
UTA,HOU,10/24/2022,L
PHI,IND,10/24/2022,W
IND,PHI,10/24/2022,L
HOU,UTA,10/24/2022,W
TOR,MIA,10/24/2022,W
MIA,TOR,10/24/2022,L
CHI,BOS,10/24/2022,W
MIN,SAS,10/24/2022,L
SAS,MIN,10/24/2022,W
BOS,CHI,10/24/2022,L
DEN,POR,10/24/2022,L
POR,DEN,10/24/2022,W
ATL,CHA,10/23/2022,L
CHA,ATL,10/23/2022,W
POR,LAL,10/23/2022,W
LAL,POR,10/23/2022,L
SAC,GSW,10/23/2022,L
GSW,SAC,10/23/2022,W
OKC,MIN,10/23/2022,L
MIN,OKC,10/23/2022,W
UTA,NOP,10/23/2022,W
NOP,UTA,10/23/2022,L
WAS,CLE,10/23/2022,L
CLE,WAS,10/23/2022,W
LAC,PHX,10/23/2022,L
PHX,LAC,10/23/2022,W
MIA,TOR,10/22/2022,W
MIL,HOU,10/22/2022,W
LAC,SAC,10/22/2022,W
DAL,MEM,10/22/2022,W
MEM,DAL,10/22/2022,L
PHI,SAS,10/22/2022,L
SAS,PHI,10/22/2022,W
SAC,LAC,10/22/2022,L
HOU,MIL,10/22/2022,L
TOR,MIA,10/22/2022,L
DET,IND,10/22/2022,L
OKC,DEN,10/22/2022,L
ORL,BOS,10/22/2022,L
CLE,CHI,10/22/2022,W
CHI,CLE,10/22/2022,L
DEN,OKC,10/22/2022,W
IND,DET,10/22/2022,W
BOS,ORL,10/22/2022,W
BKN,TOR,10/21/2022,W
TOR,BKN,10/21/2022,L
PHX,POR,10/21/2022,L
CHA,NOP,10/21/2022,L
NOP,CHA,10/21/2022,W
ORL,ATL,10/21/2022,L
BOS,MIA,10/21/2022,W
MIA,BOS,10/21/2022,L
CHI,WAS,10/21/2022,L
WAS,CHI,10/21/2022,W
MEM,HOU,10/21/2022,W
HOU,MEM,10/21/2022,L
GSW,DEN,10/21/2022,L
DEN,GSW,10/21/2022,W
ATL,ORL,10/21/2022,W
UTA,MIN,10/21/2022,W
MIN,UTA,10/21/2022,L
POR,PHX,10/21/2022,W
NYK,DET,10/21/2022,W
DET,NYK,10/21/2022,L
SAS,IND,10/21/2022,W
IND,SAS,10/21/2022,L
MIL,PHI,10/20/2022,W
LAC,LAL,10/20/2022,W
PHI,MIL,10/20/2022,L
LAL,LAC,10/20/2022,L
MIA,CHI,10/19/2022,L
HOU,ATL,10/19/2022,L
ATL,HOU,10/19/2022,W
OKC,MIN,10/19/2022,L
MIN,OKC,10/19/2022,W
POR,SAC,10/19/2022,W
DEN,UTA,10/19/2022,L
SAC,POR,10/19/2022,L
NOP,BKN,10/19/2022,W
BKN,NOP,10/19/2022,L
NYK,MEM,10/19/2022,L
ORL,DET,10/19/2022,L
MEM,NYK,10/19/2022,W
DET,ORL,10/19/2022,W
SAS,CHA,10/19/2022,L
CHA,SAS,10/19/2022,W
CLE,TOR,10/19/2022,L
UTA,DEN,10/19/2022,W
TOR,CLE,10/19/2022,W
IND,WAS,10/19/2022,L
WAS,IND,10/19/2022,W
PHX,DAL,10/19/2022,W
DAL,PHX,10/19/2022,L
CHI,MIA,10/19/2022,W
LAL,GSW,10/18/2022,L
PHI,BOS,10/18/2022,L
GSW,LAL,10/18/2022,W
BOS,PHI,10/18/2022,W
